match_id,minute,win_rate
8942993144,0,0.62
8942993144,1,0.57
8942993144,2,0.74
8942993144,3,0.59
8942993144,4,0.63
8942993144,5,0.65
8942993144,6,0.53
8942993144,7,0.59
8942993144,8,0.51
8942993144,9,0.61
8942993144,10,0.57
8942993144,11,0.63
8942993144,12,0.63
8942993144,13,0.5
8942993144,14,0.52
8942993144,15,0.61
8942993144,16,0.65
8942993144,17,0.64
8942993144,18,0.73
8942993144,19,0.63
8942993144,20,0.64
8942993144,21,0.69
8942993144,22,0.63
8942993144,23,0.56
8942993144,24,0.59
8942993144,25,0.45
8942993144,26,0.54
8942993144,27,0.69
8942993144,28,0.66
8942993144,29,0.58
8942993144,30,0.79
8942993144,31,0.71
8942993144,32,0.46
8942993144,33,0.39
8942993144,34,0.34
8942993144,35,0.38
8942993144,36,0.28
8942993144,37,0.28
8942993144,38,0.27
8942993144,39,0.23
8942993144,40,0.22
8943000927,0,0.53
8943000927,1,0.49
8943000927,2,0.48
8943000927,3,0.49
8943000927,4,0.41
8943000927,5,0.5
8943000927,6,0.44
8943000927,7,0.52
8943000927,8,0.5
8943000927,9,0.51
8943000927,10,0.48
8943000927,11,0.45
8943000927,12,0.48
8943000927,13,0.48
8943000927,14,0.42
8943000927,15,0.32
8943000927,16,0.18
8943000927,17,0.19
8943000927,18,0.14
8943000927,19,0.1
8943000927,20,0.13
8943000927,21,0.12
8943000927,22,0.03
8943000927,23,0.04
8943000927,24,0.03
8943000927,25,0.02
8943000927,26,0.02
8943000927,27,0.03
8943010675,0,0.56
8943010675,1,0.5
8943010675,2,0.49
8943010675,3,0.5
8943010675,4,0.49
8943010675,5,0.5
8943010675,6,0.45
8943010675,7,0.46
8943010675,8,0.48
8943010675,9,0.51
8943010675,10,0.58
8943010675,11,0.57
8943010675,12,0.54
8943010675,13,0.49
8943010675,14,0.3
8943010675,15,0.26
8943010675,16,0.36
8943010675,17,0.3
8943010675,18,0.31
8943010675,19,0.54
8943010675,20,0.36
8943010675,21,0.32
8943010675,22,0.32
8943010675,23,0.31
8943010675,24,0.28
8943010675,25,0.28
8943010675,26,0.18
8943010675,27,0.16
8943010675,28,0.18
8943010675,29,0.14
8943010675,30,0.12
8943010675,31,0.09
8943010675,32,0.08
8943010675,33,0.07
8943010675,34,0.05
8943010675,35,0.03
8943010675,36,0.04
8943010675,37,0.03
8943010675,38,0.05
8943010675,39,0.07
8943010675,40,0.03
8943010675,41,0.03
8943034557,0,0.47
8943034557,1,0.48
8943034557,2,0.64
8943034557,3,0.67
8943034557,4,0.66
8943034557,5,0.75
8943034557,6,0.8
8943034557,7,0.83
8943034557,8,0.81
8943034557,9,0.85
8943034557,10,0.85
8943034557,11,0.83
8943034557,12,0.82
8943034557,13,0.74
8943034557,14,0.66
8943034557,15,0.82
8943034557,16,0.85
8943034557,17,0.8
8943034557,18,0.85
8943034557,19,0.86
8943034557,20,0.86
8943034557,21,0.88
8943034557,22,0.89
8943034557,23,0.88
8943034557,24,0.88
8943034557,25,0.86
8943034557,26,0.89
8943034557,27,0.9
8943034557,28,0.88
8943034557,29,0.9
8943034557,30,0.89
8943034557,31,0.92
8943034557,32,0.94
8943034557,33,0.94
8943034557,34,0.97
8943034557,35,0.96
8943034557,36,0.97
8943034557,37,0.98
8943053016,0,0.48
8943053016,1,0.56
8943053016,2,0.59
8943053016,3,0.56
8943053016,4,0.6
8943053016,5,0.71
8943053016,6,0.65
8943053016,7,0.58
8943053016,8,0.6
8943053016,9,0.6
8943053016,10,0.67
8943053016,11,0.62
8943053016,12,0.53
8943053016,13,0.7
8943053016,14,0.56
8943053016,15,0.77
8943053016,16,0.81
8943053016,17,0.88
8943053016,18,0.85
8943053016,19,0.81
8943053016,20,0.82
8943053016,21,0.82
8943053016,22,0.82
8943053016,23,0.82
8943053016,24,0.86
8943053016,25,0.89
8943053016,26,0.93
8943053016,27,0.91
8943053016,28,0.92
8943053016,29,0.91
8943053016,30,0.92
8943053016,31,0.94
8943053016,32,0.91
8943053016,33,0.92
8943053016,34,0.9
8943053016,35,0.9
8943053016,36,0.52
8943053016,37,0.43
8943053016,38,0.48
8943053016,39,0.81
8943053016,40,0.82
8943053016,41,0.37
8943053016,42,0.32
8943053016,43,0.26
8943053016,44,0.22
8943053016,45,0.26
8943053016,46,0.3
8943053016,47,0.14
8943053016,48,0.12
8943055466,0,0.33
8943055466,1,0.32
8943055466,2,0.22
8943055466,3,0.22
8943055466,4,0.21
8943055466,5,0.14
8943055466,6,0.1
8943055466,7,0.08
8943055466,8,0.06
8943055466,9,0.07
8943055466,10,0.06
8943055466,11,0.06
8943055466,12,0.07
8943055466,13,0.08
8943055466,14,0.08
8943055466,15,0.08
8943055466,16,0.09
8943055466,17,0.08
8943055466,18,0.08
8943055466,19,0.12
8943055466,20,0.1
8943055466,21,0.14
8943055466,22,0.08
8943055466,23,0.07
8943055466,24,0.05
8943055466,25,0.04
8943055466,26,0.04
8943055466,27,0.03
8943055466,28,0.04
8943055466,29,0.06
8943055466,30,0.08
8943055466,31,0.06
8943055466,32,0.04
8943055466,33,0.04
8943055466,34,0.03
8943055466,35,0.02
8943055466,36,0.02
8943072784,0,0.48
8943072784,1,0.42
8943072784,2,0.35
8943072784,3,0.37
8943072784,4,0.48
8943072784,5,0.44
8943072784,6,0.38
8943072784,7,0.45
8943072784,8,0.43
8943072784,9,0.43
8943072784,10,0.56
8943072784,11,0.51
8943072784,12,0.57
8943072784,13,0.7
8943072784,14,0.58
8943072784,15,0.7
8943072784,16,0.76
8943072784,17,0.77
8943072784,18,0.81
8943072784,19,0.79
8943072784,20,0.76
8943072784,21,0.69
8943072784,22,0.74
8943072784,23,0.85
8943072784,24,0.82
8943072784,25,0.88
8943072784,26,0.9
8943072784,27,0.9
8943072784,28,0.89
8943072784,29,0.93
8943072784,30,0.91
8943072784,31,0.95
8943072784,32,0.96
8943072784,33,0.9
8943072784,34,0.9
8943072784,35,0.9
8943072784,36,0.91
8943072784,37,0.96
8943072784,38,0.96
8943072784,39,0.97
8943072784,40,0.95
8943072784,41,0.94
8943072784,42,0.96
8943072784,43,0.94
8943072784,44,0.96
8943098449,0,0.36
8943098449,1,0.43
8943098449,2,0.4
8943098449,3,0.54
8943098449,4,0.48
8943098449,5,0.53
8943098449,6,0.58
8943098449,7,0.65
8943098449,8,0.78
8943098449,9,0.73
8943098449,10,0.72
8943098449,11,0.74
8943098449,12,0.77
8943098449,13,0.73
8943098449,14,0.72
8943098449,15,0.81
8943098449,16,0.82
8943098449,17,0.78
8943098449,18,0.77
8943098449,19,0.69
8943098449,20,0.74
8943098449,21,0.67
8943098449,22,0.7
8943098449,23,0.73
8943098449,24,0.72
8943098449,25,0.78
8943098449,26,0.82
8943098449,27,0.84
8943098449,28,0.86
8943098449,29,0.85
8943098449,30,0.9
8943098449,31,0.9
8943098449,32,0.89
8943142948,0,0.58
8943142948,1,0.63
8943142948,2,0.8
8943142948,3,0.85
8943142948,4,0.89
8943142948,5,0.89
8943142948,6,0.88
8943142948,7,0.91
8943142948,8,0.92
8943142948,9,0.9
8943142948,10,0.93
8943142948,11,0.93
8943142948,12,0.94
8943142948,13,0.94
8943142948,14,0.96
8943142948,15,0.97
8943142948,16,0.98
8943142948,17,0.97
8943142948,18,0.96
8943142948,19,0.98
8943142948,20,0.97
8943142948,21,0.97
8943142948,22,0.98
8943142948,23,0.99
8943142948,24,0.98
8943142948,25,0.99
8943143428,0,0.47
8943143428,1,0.51
8943143428,2,0.61
8943143428,3,0.71
8943143428,4,0.67
8943143428,5,0.77
8943143428,6,0.81
8943143428,7,0.82
8943143428,8,0.82
8943143428,9,0.79
8943143428,10,0.76
8943143428,11,0.73
8943143428,12,0.67
8943143428,13,0.65
8943143428,14,0.72
8943143428,15,0.66
8943143428,16,0.64
8943143428,17,0.64
8943143428,18,0.62
8943143428,19,0.65
8943143428,20,0.73
8943143428,21,0.79
8943143428,22,0.69
8943143428,23,0.74
8943143428,24,0.75
8943143428,25,0.81
8943143428,26,0.78
8943143428,27,0.82
8943143428,28,0.88
8943143428,29,0.91
8943143428,30,0.95
8943143428,31,0.92
8943143428,32,0.88
8943143428,33,0.87
8943143428,34,0.87
8943143428,35,0.93
8943143428,36,0.92
8943143428,37,0.89
8943143428,38,0.91
8943143428,39,0.92
8943143428,40,0.92
8943143428,41,0.92
8943143428,42,0.92
8943143428,43,0.92
8943143428,44,0.91
8943143428,45,0.9
8943143428,46,0.87
8943143428,47,0.86
8943143428,48,0.83
8943143428,49,0.82
8943143428,50,0.86
8943148045,0,0.56
8943148045,1,0.57
8943148045,2,0.57
8943148045,3,0.59
8943148045,4,0.62
8943148045,5,0.5
8943148045,6,0.5
8943148045,7,0.61
8943148045,8,0.55
8943148045,9,0.4
8943148045,10,0.31
8943148045,11,0.21
8943148045,12,0.24
8943148045,13,0.2
8943148045,14,0.16
8943148045,15,0.1
8943148045,16,0.13
8943148045,17,0.15
8943148045,18,0.15
8943148045,19,0.14
8943148045,20,0.15
8943148045,21,0.14
8943148045,22,0.18
8943148045,23,0.14
8943148045,24,0.15
8943148045,25,0.15
8943148045,26,0.21
8943148045,27,0.16
8943148045,28,0.13
8943148045,29,0.1
8943148045,30,0.12
8943148045,31,0.1
8943148045,32,0.09
8943148045,33,0.11
8943148045,34,0.1
8943148045,35,0.08
8943148045,36,0.06
8943148045,37,0.06
8943148045,38,0.05
8943171995,0,0.38
8943171995,1,0.35
8943171995,2,0.32
8943171995,3,0.32
8943171995,4,0.29
8943171995,5,0.29
8943171995,6,0.28
8943171995,7,0.27
8943171995,8,0.29
8943171995,9,0.2
8943171995,10,0.26
8943171995,11,0.29
8943171995,12,0.36
8943171995,13,0.26
8943171995,14,0.25
8943171995,15,0.36
8943171995,16,0.36
8943171995,17,0.35
8943171995,18,0.34
8943171995,19,0.37
8943171995,20,0.38
8943171995,21,0.37
8943171995,22,0.33
8943171995,23,0.38
8943171995,24,0.36
8943171995,25,0.3
8943171995,26,0.39
8943171995,27,0.32
8943171995,28,0.39
8943171995,29,0.23
8943171995,30,0.28
8943171995,31,0.4
8943171995,32,0.34
8943171995,33,0.37
8943171995,34,0.47
8943171995,35,0.56
8943171995,36,0.74
8943171995,37,0.75
8943171995,38,0.82
8943171995,39,0.86
8943171995,40,0.85
8943171995,41,0.86
8943171995,42,0.92
8943182700,0,0.57
8943182700,1,0.58
8943182700,2,0.59
8943182700,3,0.57
8943182700,4,0.61
8943182700,5,0.64
8943182700,6,0.64
8943182700,7,0.62
8943182700,8,0.63
8943182700,9,0.69
8943182700,10,0.66
8943182700,11,0.7
8943182700,12,0.72
8943182700,13,0.53
8943182700,14,0.5
8943182700,15,0.49
8943182700,16,0.56
8943182700,17,0.72
8943182700,18,0.7
8943182700,19,0.59
8943182700,20,0.64
8943182700,21,0.54
8943182700,22,0.6
8943182700,23,0.57
8943182700,24,0.75
8943182700,25,0.68
8943182700,26,0.82
8943182700,27,0.72
8943182700,28,0.54
8943182700,29,0.49
8943182700,30,0.37
8943182700,31,0.35
8943182700,32,0.33
8943182700,33,0.33
8943182700,34,0.41
8943182700,35,0.54
8943182700,36,0.62
8943182700,37,0.75
8943182700,38,0.74
8943182700,39,0.84
8943182700,40,0.86
8943182700,41,0.73
8943182700,42,0.77
8943182700,43,0.81
8943182700,44,0.89
8943182700,45,0.88
8943182700,46,0.82
8943182700,47,0.73
8943182700,48,0.75
8943200897,0,0.4
8943200897,1,0.43
8943200897,2,0.43
8943200897,3,0.47
8943200897,4,0.42
8943200897,5,0.39
8943200897,6,0.38
8943200897,7,0.36
8943200897,8,0.26
8943200897,9,0.31
8943200897,10,0.31
8943200897,11,0.27
8943200897,12,0.23
8943200897,13,0.27
8943200897,14,0.26
8943200897,15,0.29
8943200897,16,0.33
8943200897,17,0.37
8943200897,18,0.42
8943200897,19,0.55
8943200897,20,0.53
8943200897,21,0.6
8943200897,22,0.61
8943200897,23,0.66
8943200897,24,0.72
8943200897,25,0.76
8943200897,26,0.73
8943200897,27,0.77
8943200897,28,0.73
8943200897,29,0.75
8943200897,30,0.75
8943200897,31,0.73
8943200897,32,0.77
8943200897,33,0.78
8943200897,34,0.8
8943200897,35,0.73
8943200897,36,0.69
8943200897,37,0.76
8943200897,38,0.67
8943200897,39,0.72
8943200897,40,0.64
8943200897,41,0.62
8943200897,42,0.49
8943200897,43,0.3
8943200897,44,0.29
8943200897,45,0.27
8943200897,46,0.26
8943200897,47,0.25
8943200897,48,0.18
8943267925,0,0.48
8943267925,1,0.44
8943267925,2,0.43
8943267925,3,0.48
8943267925,4,0.42
8943267925,5,0.41
8943267925,6,0.4
8943267925,7,0.41
8943267925,8,0.43
8943267925,9,0.46
8943267925,10,0.41
8943267925,11,0.39
8943267925,12,0.4
8943267925,13,0.43
8943267925,14,0.5
8943267925,15,0.59
8943267925,16,0.64
8943267925,17,0.63
8943267925,18,0.6
8943267925,19,0.64
8943267925,20,0.58
8943267925,21,0.6
8943267925,22,0.57
8943267925,23,0.74
8943267925,24,0.73
8943267925,25,0.79
8943267925,26,0.78
8943267925,27,0.82
8943267925,28,0.83
8943267925,29,0.8
8943267925,30,0.61
8943267925,31,0.66
8943267925,32,0.7
8943267925,33,0.38
8943267925,34,0.33
8943267925,35,0.29
8943267925,36,0.25
8943267925,37,0.29
8943267925,38,0.25
8943267925,39,0.25
8943267925,40,0.23
8943267925,41,0.18
8943267925,42,0.18
8943267925,43,0.19
8943267925,44,0.39
8943324841,0,0.44
8943324841,1,0.49
8943324841,2,0.47
8943324841,3,0.54
8943324841,4,0.49
8943324841,5,0.52
8943324841,6,0.51
8943324841,7,0.44
8943324841,8,0.51
8943324841,9,0.46
8943324841,10,0.33
8943324841,11,0.39
8943324841,12,0.34
8943324841,13,0.32
8943324841,14,0.31
8943324841,15,0.29
8943324841,16,0.27
8943324841,17,0.29
8943324841,18,0.33
8943324841,19,0.41
8943324841,20,0.44
8943324841,21,0.45
8943324841,22,0.48
8943324841,23,0.32
8943324841,24,0.41
8943324841,25,0.46
8943324841,26,0.55
8943324841,27,0.5
8943324841,28,0.56
8943324841,29,0.61
8943324841,30,0.61
8943324841,31,0.52
8943324841,32,0.69
8943324841,33,0.69
8943324841,34,0.68
8943324841,35,0.63
8943324841,36,0.62
8943324841,37,0.45
8943324841,38,0.46
8943324841,39,0.47
8943324841,40,0.49
8943324841,41,0.68
8943324841,42,0.71
8943324841,43,0.78
8943324841,44,0.75
8943324841,45,0.79
8943324841,46,0.75
8943324841,47,0.7
8943324841,48,0.67
8943324841,49,0.68
8943324841,50,0.65
8943324841,51,0.68
8943324841,52,0.71
8943324841,53,0.72
8943324841,54,0.71
8943324841,55,0.69
8943324841,56,0.72
8943324841,57,0.69
8943324841,58,0.67
8943324841,59,0.68
8943332564,0,0.39
8943332564,1,0.4
8943332564,2,0.39
8943332564,3,0.38
8943332564,4,0.31
8943332564,5,0.2
8943332564,6,0.25
8943332564,7,0.14
8943332564,8,0.11
8943332564,9,0.16
8943332564,10,0.12
8943332564,11,0.17
8943332564,12,0.15
8943332564,13,0.14
8943332564,14,0.21
8943332564,15,0.25
8943332564,16,0.28
8943332564,17,0.32
8943332564,18,0.24
8943332564,19,0.3
8943332564,20,0.24
8943332564,21,0.22
8943332564,22,0.27
8943332564,23,0.34
8943332564,24,0.44
8943332564,25,0.6
8943332564,26,0.71
8943332564,27,0.74
8943332564,28,0.77
8943332564,29,0.76
8943332564,30,0.8
8943332564,31,0.8
8943332564,32,0.82
8943332564,33,0.79
8943332564,34,0.77
8943332564,35,0.78
8943332564,36,0.83
8943332564,37,0.85
8943332564,38,0.78
8943332564,39,0.75
8943332564,40,0.72
8943332564,41,0.72
8943332564,42,0.7
8943332564,43,0.55
8943332564,44,0.52
8943332564,45,0.45
8943332564,46,0.45
8943332564,47,0.37
8943332564,48,0.49
8943332564,49,0.77
8943332564,50,0.76
8943332564,51,0.78
8943332564,52,0.78
8943332564,53,0.72
8943332564,54,0.73
8943332564,55,0.74
8943332564,56,0.71
8943332564,57,0.69
8943332564,58,0.67
8943332564,59,0.7
8943364918,0,0.58
8943364918,1,0.61
8943364918,2,0.48
8943364918,3,0.51
8943364918,4,0.45
8943364918,5,0.38
8943364918,6,0.47
8943364918,7,0.41
8943364918,8,0.34
8943364918,9,0.41
8943364918,10,0.38
8943364918,11,0.39
8943364918,12,0.26
8943364918,13,0.34
8943364918,14,0.29
8943364918,15,0.23
8943364918,16,0.26
8943364918,17,0.26
8943364918,18,0.23
8943364918,19,0.22
8943364918,20,0.19
8943364918,21,0.18
8943364918,22,0.24
8943364918,23,0.28
8943364918,24,0.31
8943364918,25,0.34
8943364918,26,0.3
8943364918,27,0.28
8943364918,28,0.33
8943364918,29,0.26
8943364918,30,0.24
8943364918,31,0.22
8943364918,32,0.21
8943364918,33,0.12
8943364918,34,0.08
8943364918,35,0.12
8943364918,36,0.11
8943364918,37,0.12
8943364918,38,0.12
8943364918,39,0.15
8943364918,40,0.13
8943364918,41,0.18
8943364918,42,0.16
8943364918,43,0.14
8943364918,44,0.09
8943364918,45,0.11
8943364918,46,0.11
8943364918,47,0.06
8943364918,48,0.08
8943364918,49,0.08
8943364918,50,0.08
8943364918,51,0.05
8943466067,0,0.38
8943466067,1,0.39
8943466067,2,0.56
8943466067,3,0.41
8943466067,4,0.56
8943466067,5,0.56
8943466067,6,0.54
8943466067,7,0.48
8943466067,8,0.36
8943466067,9,0.36
8943466067,10,0.24
8943466067,11,0.29
8943466067,12,0.21
8943466067,13,0.28
8943466067,14,0.42
8943466067,15,0.48
8943466067,16,0.36
8943466067,17,0.24
8943466067,18,0.13
8943466067,19,0.24
8943466067,20,0.24
8943466067,21,0.2
8943466067,22,0.28
8943466067,23,0.17
8943466067,24,0.16
8943466067,25,0.16
8943466067,26,0.24
8943466067,27,0.18
8943466067,28,0.41
8943466067,29,0.58
8943466067,30,0.52
8943466067,31,0.69
8943466067,32,0.77
8943466067,33,0.77
8943466067,34,0.78
8943466067,35,0.82
8943466067,36,0.82
8943466067,37,0.92
8943466067,38,0.93
8943466067,39,0.93
8943466067,40,0.94
8943466067,41,0.93
8943466067,42,0.91
8943466067,43,0.86
8943466067,44,0.84
8943466067,45,0.84
8943466067,46,0.84
8943466067,47,0.81
8943466067,48,0.83
8943466067,49,0.84
8943466067,50,0.82
8943466067,51,0.83
8943466067,52,0.78
8943466067,53,0.79
8943466067,54,0.87
8943466067,55,0.89
8943466067,56,0.89
8943466067,57,0.91
8943466067,58,0.93
8943466067,59,0.92
8943477775,0,0.4
8943477775,1,0.36
8943477775,2,0.35
8943477775,3,0.24
8943477775,4,0.18
8943477775,5,0.28
8943477775,6,0.21
8943477775,7,0.24
8943477775,8,0.16
8943477775,9,0.13
8943477775,10,0.14
8943477775,11,0.15
8943477775,12,0.13
8943477775,13,0.18
8943477775,14,0.17
8943477775,15,0.15
8943477775,16,0.16
8943477775,17,0.25
8943477775,18,0.3
8943477775,19,0.2
8943477775,20,0.27
8943477775,21,0.32
8943477775,22,0.12
8943477775,23,0.09
8943477775,24,0.1
8943477775,25,0.09
8943477775,26,0.2
8943477775,27,0.14
8943477775,28,0.22
8943477775,29,0.16
8943477775,30,0.2
8943477775,31,0.19
8943477775,32,0.15
8943477775,33,0.16
8943477775,34,0.15
8943477775,35,0.31
8943477775,36,0.35
8943477775,37,0.37
8943477775,38,0.43
8943477775,39,0.4
8943477775,40,0.41
8943477775,41,0.46
8943477775,42,0.66
8943477775,43,0.63
8943477775,44,0.65
8943477775,45,0.66
8943477775,46,0.63
8943477775,47,0.64
8943477775,48,0.65
8943477775,49,0.64
8943477775,50,0.64
8943477775,51,0.64
8943477775,52,0.65
8943477775,53,0.64
8943477775,54,0.64
8943477775,55,0.63
8943477775,56,0.58
8943477775,57,0.71
8943477775,58,0.68
8943477775,59,0.68
8944475884,0,0.64
8944475884,1,0.66
8944475884,2,0.66
8944475884,3,0.62
8944475884,4,0.66
8944475884,5,0.55
8944475884,6,0.57
8944475884,7,0.55
8944475884,8,0.43
8944475884,9,0.49
8944475884,10,0.42
8944475884,11,0.36
8944475884,12,0.42
8944475884,13,0.46
8944475884,14,0.39
8944475884,15,0.46
8944475884,16,0.53
8944475884,17,0.46
8944475884,18,0.45
8944475884,19,0.49
8944475884,20,0.47
8944475884,21,0.56
8944475884,22,0.53
8944475884,23,0.46
8944475884,24,0.39
8944475884,25,0.29
8944475884,26,0.29
8944475884,27,0.3
8944475884,28,0.31
8944475884,29,0.4
8944475884,30,0.42
8944475884,31,0.33
8944475884,32,0.36
8944475884,33,0.4
8944475884,34,0.44
8944475884,35,0.42
8944475884,36,0.42
8944475884,37,0.44
8944475884,38,0.44
8944475884,39,0.47
8944475884,40,0.44
8944475884,41,0.68
8944475884,42,0.77
8944475901,0,0.54
8944475901,1,0.54
8944475901,2,0.46
8944475901,3,0.47
8944475901,4,0.47
8944475901,5,0.46
8944475901,6,0.57
8944475901,7,0.6
8944475901,8,0.65
8944475901,9,0.53
8944475901,10,0.73
8944475901,11,0.73
8944475901,12,0.72
8944475901,13,0.68
8944475901,14,0.63
8944475901,15,0.5
8944475901,16,0.6
8944475901,17,0.58
8944475901,18,0.39
8944475901,19,0.56
8944475901,20,0.62
8944475901,21,0.73
8944475901,22,0.69
8944475901,23,0.66
8944475901,24,0.7
8944475901,25,0.72
8944475901,26,0.76
8944475901,27,0.84
8944475901,28,0.86
8944475901,29,0.74
8944475901,30,0.79
8944475901,31,0.67
8944475901,32,0.59
8944475901,33,0.59
8944475901,34,0.61
8944475901,35,0.55
8944475901,36,0.34
8944475901,37,0.35
8944475901,38,0.34
8944475901,39,0.36
8944475901,40,0.24
8944475901,41,0.18
8944475901,42,0.2
8944475901,43,0.2
8944475901,44,0.18
8944475901,45,0.19
8944475901,46,0.15
8944475901,47,0.19
8944506550,0,0.48
8944506550,1,0.47
8944506550,2,0.57
8944506550,3,0.59
8944506550,4,0.57
8944506550,5,0.47
8944506550,6,0.55
8944506550,7,0.59
8944506550,8,0.4
8944506550,9,0.53
8944506550,10,0.61
8944506550,11,0.43
8944506550,12,0.32
8944506550,13,0.34
8944506550,14,0.29
8944506550,15,0.42
8944506550,16,0.55
8944506550,17,0.64
8944506550,18,0.52
8944506550,19,0.53
8944506550,20,0.55
8944506550,21,0.6
8944506550,22,0.51
8944506550,23,0.55
8944506550,24,0.44
8944506550,25,0.54
8944506550,26,0.49
8944506550,27,0.35
8944506550,28,0.49
8944506550,29,0.33
8944506550,30,0.31
8944506550,31,0.3
8944506550,32,0.24
8944506550,33,0.2
8944506550,34,0.14
8944506550,35,0.14
8944506550,36,0.15
8944506550,37,0.17
8944506550,38,0.14
8944506550,39,0.14
8944506550,40,0.12
8944506550,41,0.11
8944506550,42,0.13
8944506550,43,0.14
8944506550,44,0.14
8944506550,45,0.14
8944506550,46,0.14
8944506550,47,0.11
8944521792,0,0.52
8944521792,1,0.54
8944521792,2,0.49
8944521792,3,0.42
8944521792,4,0.48
8944521792,5,0.42
8944521792,6,0.42
8944521792,7,0.46
8944521792,8,0.43
8944521792,9,0.4
8944521792,10,0.44
8944521792,11,0.53
8944521792,12,0.58
8944521792,13,0.48
8944521792,14,0.57
8944521792,15,0.52
8944521792,16,0.66
8944521792,17,0.68
8944521792,18,0.54
8944521792,19,0.67
8944521792,20,0.53
8944521792,21,0.51
8944521792,22,0.47
8944521792,23,0.59
8944521792,24,0.65
8944521792,25,0.65
8944521792,26,0.38
8944521792,27,0.51
8944521792,28,0.42
8944521792,29,0.47
8944521792,30,0.5
8944521792,31,0.45
8944521792,32,0.4
8944521792,33,0.38
8944521792,34,0.41
8944521792,35,0.46
8944521792,36,0.39
8944521792,37,0.35
8944521792,38,0.33
8944521792,39,0.4
8944521792,40,0.45
8944521792,41,0.42
8944521792,42,0.18
8944521792,43,0.16
8944521919,0,0.37
8944521919,1,0.34
8944521919,2,0.45
8944521919,3,0.43
8944521919,4,0.47
8944521919,5,0.42
8944521919,6,0.48
8944521919,7,0.63
8944521919,8,0.42
8944521919,9,0.47
8944521919,10,0.49
8944521919,11,0.58
8944521919,12,0.45
8944521919,13,0.53
8944521919,14,0.38
8944521919,15,0.38
8944521919,16,0.33
8944521919,17,0.29
8944521919,18,0.43
8944521919,19,0.34
8944521919,20,0.38
8944521919,21,0.42
8944521919,22,0.53
8944521919,23,0.54
8944521919,24,0.67
8944521919,25,0.66
8944521919,26,0.64
8944521919,27,0.54
8944521919,28,0.57
8944521919,29,0.44
8944521919,30,0.51
8944521919,31,0.59
8944521919,32,0.55
8944521919,33,0.62
8944521919,34,0.66
8944521919,35,0.61
8944521919,36,0.54
8944521919,37,0.5
8944521919,38,0.59
8944521919,39,0.59
8944521919,40,0.62
8944521919,41,0.49
8944521919,42,0.48
8944521919,43,0.54
8944521919,44,0.71
8944521919,45,0.83
8944525313,0,0.4
8944525313,1,0.44
8944525313,2,0.53
8944525313,3,0.5
8944525313,4,0.53
8944525313,5,0.51
8944525313,6,0.52
8944525313,7,0.43
8944525313,8,0.54
8944525313,9,0.44
8944525313,10,0.46
8944525313,11,0.45
8944525313,12,0.45
8944525313,13,0.43
8944525313,14,0.42
8944525313,15,0.28
8944525313,16,0.28
8944525313,17,0.3
8944525313,18,0.4
8944525313,19,0.43
8944525313,20,0.59
8944525313,21,0.6
8944525313,22,0.53
8944525313,23,0.59
8944525313,24,0.49
8944525313,25,0.64
8944525313,26,0.59
8944525313,27,0.56
8944525313,28,0.69
8944525313,29,0.72
8944525313,30,0.74
8944525313,31,0.82
8944525313,32,0.86
8944525313,33,0.88
8944525313,34,0.9
8944525313,35,0.94
8944525313,36,0.93
8944525313,37,0.9
8944525313,38,0.92
8944525313,39,0.92
8944553935,0,0.48
8944553935,1,0.46
8944553935,2,0.6
8944553935,3,0.54
8944553935,4,0.56
8944553935,5,0.63
8944553935,6,0.58
8944553935,7,0.56
8944553935,8,0.55
8944553935,9,0.59
8944553935,10,0.66
8944553935,11,0.68
8944553935,12,0.61
8944553935,13,0.7
8944553935,14,0.74
8944553935,15,0.72
8944553935,16,0.7
8944553935,17,0.64
8944553935,18,0.7
8944553935,19,0.62
8944553935,20,0.33
8944553935,21,0.3
8944553935,22,0.24
8944553935,23,0.22
8944553935,24,0.18
8944553935,25,0.23
8944553935,26,0.23
8944553935,27,0.29
8944553935,28,0.23
8944553935,29,0.24
8944553935,30,0.34
8944553935,31,0.36
8944553935,32,0.47
8944553935,33,0.44
8944553935,34,0.49
8944553935,35,0.37
8944553935,36,0.27
8944553935,37,0.24
8944553935,38,0.23
8944553935,39,0.21
8944553935,40,0.28
8944553935,41,0.38
8944553935,42,0.44
8944553935,43,0.37
8944553935,44,0.36
8944553935,45,0.2
8944553935,46,0.21
8944553935,47,0.23
8944553935,48,0.24
8944553935,49,0.24
8944553935,50,0.18
8944565060,0,0.48
8944565060,1,0.46
8944565060,2,0.56
8944565060,3,0.39
8944565060,4,0.54
8944565060,5,0.49
8944565060,6,0.44
8944565060,7,0.48
8944565060,8,0.36
8944565060,9,0.35
8944565060,10,0.35
8944565060,11,0.21
8944565060,12,0.23
8944565060,13,0.32
8944565060,14,0.2
8944565060,15,0.25
8944565060,16,0.2
8944565060,17,0.21
8944565060,18,0.25
8944565060,19,0.26
8944565060,20,0.24
8944565060,21,0.21
8944565060,22,0.17
8944565060,23,0.17
8944565060,24,0.13
8944565060,25,0.1
8944565060,26,0.13
8944565060,27,0.12
8944565060,28,0.1
8944565060,29,0.08
8944565060,30,0.04
8944565060,31,0.04
8944565060,32,0.05
8944565060,33,0.03
8944565060,34,0.03
8944565060,35,0.02
8944565060,36,0.02
8944566156,0,0.43
8944566156,1,0.43
8944566156,2,0.43
8944566156,3,0.46
8944566156,4,0.48
8944566156,5,0.54
8944566156,6,0.65
8944566156,7,0.64
8944566156,8,0.69
8944566156,9,0.67
8944566156,10,0.56
8944566156,11,0.52
8944566156,12,0.63
8944566156,13,0.6
8944566156,14,0.55
8944566156,15,0.56
8944566156,16,0.55
8944566156,17,0.58
8944566156,18,0.54
8944566156,19,0.5
8944566156,20,0.56
8944566156,21,0.64
8944566156,22,0.52
8944566156,23,0.52
8944566156,24,0.55
8944566156,25,0.63
8944566156,26,0.77
8944566156,27,0.87
8944566156,28,0.76
8944566156,29,0.62
8944566156,30,0.64
8944566156,31,0.66
8944566156,32,0.52
8944566156,33,0.6
8944566156,34,0.56
8944566156,35,0.55
8944566156,36,0.49
8944566156,37,0.28
8944566156,38,0.23
8944566156,39,0.22
8944566156,40,0.17
8944566156,41,0.18
8944566156,42,0.19
8944566156,43,0.22
8944566156,44,0.21
8944566156,45,0.22
8944566156,46,0.26
8944566156,47,0.18
8944566156,48,0.24
8944566156,49,0.4
8944566156,50,0.42
8944566156,51,0.43
8944566156,52,0.42
8944566156,53,0.58
8944566156,54,0.58
8944570404,0,0.4
8944570404,1,0.45
8944570404,2,0.46
8944570404,3,0.45
8944570404,4,0.39
8944570404,5,0.4
8944570404,6,0.41
8944570404,7,0.37
8944570404,8,0.4
8944570404,9,0.39
8944570404,10,0.4
8944570404,11,0.44
8944570404,12,0.59
8944570404,13,0.64
8944570404,14,0.62
8944570404,15,0.69
8944570404,16,0.59
8944570404,17,0.68
8944570404,18,0.64
8944570404,19,0.74
8944570404,20,0.71
8944570404,21,0.73
8944570404,22,0.74
8944570404,23,0.7
8944570404,24,0.75
8944570404,25,0.77
8944570404,26,0.82
8944570404,27,0.81
8944570404,28,0.9
8944570404,29,0.92
8944570404,30,0.95
8944570404,31,0.9
8944570404,32,0.88
8944570404,33,0.9
8944570404,34,0.92
8944570404,35,0.91
8944570404,36,0.93
8944570404,37,0.92
8944570404,38,0.95
8944611964,0,0.71
8944611964,1,0.66
8944611964,2,0.5
8944611964,3,0.56
8944611964,4,0.47
8944611964,5,0.51
8944611964,6,0.34
8944611964,7,0.4
8944611964,8,0.38
8944611964,9,0.3
8944611964,10,0.38
8944611964,11,0.49
8944611964,12,0.39
8944611964,13,0.37
8944611964,14,0.52
8944611964,15,0.4
8944611964,16,0.31
8944611964,17,0.38
8944611964,18,0.59
8944611964,19,0.48
8944611964,20,0.45
8944611964,21,0.37
8944611964,22,0.37
8944611964,23,0.28
8944611964,24,0.29
8944611964,25,0.32
8944611964,26,0.22
8944611964,27,0.23
8944611964,28,0.32
8944611964,29,0.25
8944611964,30,0.25
8944611964,31,0.21
8944611964,32,0.16
8944611964,33,0.21
8944611964,34,0.24
8944611964,35,0.15
8944611964,36,0.11
8944611964,37,0.13
8944611964,38,0.13
8944611964,39,0.08
8944611964,40,0.08
8944611964,41,0.08
8944611964,42,0.1
8944611964,43,0.11
8944611964,44,0.08
8944611964,45,0.09
8944611964,46,0.13
8944611964,47,0.12
8944611964,48,0.1
8944611964,49,0.11
8944611964,50,0.13
8944611964,51,0.16
8944611964,52,0.21
8944611964,53,0.25
8944611964,54,0.25
8944611964,55,0.32
8944611964,56,0.3
8944611964,57,0.36
8944611964,58,0.44
8944611964,59,0.48
8944612322,0,0.57
8944612322,1,0.59
8944612322,2,0.41
8944612322,3,0.53
8944612322,4,0.36
8944612322,5,0.5
8944612322,6,0.44
8944612322,7,0.38
8944612322,8,0.45
8944612322,9,0.42
8944612322,10,0.44
8944612322,11,0.43
8944612322,12,0.47
8944612322,13,0.52
8944612322,14,0.55
8944612322,15,0.59
8944612322,16,0.54
8944612322,17,0.42
8944612322,18,0.29
8944612322,19,0.28
8944612322,20,0.3
8944612322,21,0.25
8944612322,22,0.3
8944612322,23,0.27
8944612322,24,0.61
8944612322,25,0.59
8944612322,26,0.41
8944612322,27,0.59
8944612322,28,0.31
8944612322,29,0.29
8944612322,30,0.23
8944612322,31,0.17
8944612322,32,0.2
8944612322,33,0.2
8944612322,34,0.24
8944612322,35,0.19
8944612322,36,0.16
8944612322,37,0.17
8944612322,38,0.17
8944612322,39,0.16
8944612322,40,0.14
8944612322,41,0.1
8944612322,42,0.08
8944612322,43,0.14
8944612322,44,0.14
8944612322,45,0.12
8944612322,46,0.14
8944612322,47,0.19
8944612322,48,0.13
8944612322,49,0.14
8944612322,50,0.11
8944612322,51,0.21
8944612322,52,0.21
8944612322,53,0.18
8944612322,54,0.19
8944612322,55,0.16
8944612322,56,0.16
8944612322,57,0.16
8944612322,58,0.15
8944612322,59,0.15
8944628326,0,0.34
8944628326,1,0.33
8944628326,2,0.32
8944628326,3,0.28
8944628326,4,0.33
8944628326,5,0.35
8944628326,6,0.33
8944628326,7,0.35
8944628326,8,0.33
8944628326,9,0.3
8944628326,10,0.38
8944628326,11,0.42
8944628326,12,0.4
8944628326,13,0.45
8944628326,14,0.58
8944628326,15,0.64
8944628326,16,0.54
8944628326,17,0.57
8944628326,18,0.6
8944628326,19,0.67
8944628326,20,0.76
8944628326,21,0.7
8944628326,22,0.73
8944628326,23,0.69
8944628326,24,0.72
8944628326,25,0.8
8944628326,26,0.81
8944628326,27,0.84
8944628326,28,0.82
8944628326,29,0.9
8944628326,30,0.85
8944628326,31,0.88
8944628326,32,0.9
8944628326,33,0.89
8944628326,34,0.9
8944628326,35,0.95
8944628326,36,0.96
8944628326,37,0.95
8944628326,38,0.94
8944628326,39,0.95
8944628326,40,0.97
8944628326,41,0.98
8944628326,42,0.97
8944628326,43,0.96
8944628326,44,0.96
8944628326,45,0.95
8944628326,46,0.94
8944628326,47,0.96
8944628326,48,0.96
8944628326,49,0.96
8944628326,50,0.95
8944628326,51,0.9
8944628326,52,0.91
8944628326,53,0.93
8944628326,54,0.97
8944676424,0,0.46
8944676424,1,0.45
8944676424,2,0.45
8944676424,3,0.48
8944676424,4,0.45
8944676424,5,0.33
8944676424,6,0.44
8944676424,7,0.38
8944676424,8,0.41
8944676424,9,0.4
8944676424,10,0.38
8944676424,11,0.42
8944676424,12,0.24
8944676424,13,0.33
8944676424,14,0.39
8944676424,15,0.36
8944676424,16,0.36
8944676424,17,0.32
8944676424,18,0.24
8944676424,19,0.27
8944676424,20,0.27
8944676424,21,0.17
8944676424,22,0.11
8944676424,23,0.06
8944676424,24,0.05
8944676424,25,0.07
8944676424,26,0.09
8944676424,27,0.04
8944676424,28,0.05
8944676424,29,0.04
8944676424,30,0.06
8944676424,31,0.04
8944676424,32,0.08
8944676424,33,0.07
8944676424,34,0.07
8944676424,35,0.06
8944676424,36,0.06
8944676424,37,0.06
8944676424,38,0.05
8944676424,39,0.06
8944676424,40,0.04
8944676424,41,0.04
8944676424,42,0.04
8944676424,43,0.08
8944676424,44,0.08
8944676424,45,0.08
8944676424,46,0.07
8944676424,47,0.07
8944676424,48,0.06
8944676424,49,0.06
8944676424,50,0.05
8944676424,51,0.09
8944676424,52,0.12
8944692094,0,0.53
8944692094,1,0.52
8944692094,2,0.55
8944692094,3,0.39
8944692094,4,0.44
8944692094,5,0.33
8944692094,6,0.31
8944692094,7,0.32
8944692094,8,0.19
8944692094,9,0.15
8944692094,10,0.16
8944692094,11,0.24
8944692094,12,0.23
8944692094,13,0.36
8944692094,14,0.28
8944692094,15,0.18
8944692094,16,0.17
8944692094,17,0.19
8944692094,18,0.26
8944692094,19,0.25
8944692094,20,0.29
8944692094,21,0.3
8944692094,22,0.42
8944692094,23,0.31
8944692094,24,0.28
8944692094,25,0.23
8944692094,26,0.26
8944692094,27,0.27
8944692094,28,0.26
8944692094,29,0.2
8944692094,30,0.11
8944692094,31,0.08
8944692094,32,0.05
8944738770,0,0.63
8944738770,1,0.69
8944738770,2,0.72
8944738770,3,0.78
8944738770,4,0.7
8944738770,5,0.72
8944738770,6,0.72
8944738770,7,0.71
8944738770,8,0.66
8944738770,9,0.66
8944738770,10,0.6
8944738770,11,0.55
8944738770,12,0.48
8944738770,13,0.42
8944738770,14,0.33
8944738770,15,0.33
8944738770,16,0.26
8944738770,17,0.28
8944738770,18,0.32
8944738770,19,0.24
8944738770,20,0.32
8944738770,21,0.28
8944738770,22,0.24
8944738770,23,0.25
8944738770,24,0.28
8944738770,25,0.31
8944738770,26,0.29
8944738770,27,0.31
8944738770,28,0.26
8944738770,29,0.5
8944738770,30,0.63
8944738770,31,0.46
8944738770,32,0.62
8944738770,33,0.52
8944738770,34,0.56
8944738770,35,0.51
8944738770,36,0.52
8944738770,37,0.85
8944738770,38,0.85
8944738770,39,0.82
8944738770,40,0.81
8944738770,41,0.88
8944738770,42,0.89
8944738770,43,0.88
8944738770,44,0.9
8944738770,45,0.88
8944738770,46,0.88
8944738770,47,0.92
8944738770,48,0.95
8944742846,0,0.49
8944742846,1,0.54
8944742846,2,0.62
8944742846,3,0.72
8944742846,4,0.71
8944742846,5,0.75
8944742846,6,0.78
8944742846,7,0.77
8944742846,8,0.79
8944742846,9,0.75
8944742846,10,0.72
8944742846,11,0.61
8944742846,12,0.75
8944742846,13,0.67
8944742846,14,0.65
8944742846,15,0.6
8944742846,16,0.7
8944742846,17,0.63
8944742846,18,0.66
8944742846,19,0.59
8944742846,20,0.68
8944742846,21,0.67
8944742846,22,0.77
8944742846,23,0.76
8944742846,24,0.8
8944742846,25,0.74
8944742846,26,0.72
8944742846,27,0.68
8944742846,28,0.81
8944742846,29,0.82
8944742846,30,0.79
8944742846,31,0.82
8944742846,32,0.87
8944742846,33,0.79
8944742846,34,0.68
8944742846,35,0.7
8944742846,36,0.72
8944742846,37,0.71
8944742846,38,0.75
8944742846,39,0.69
8944742846,40,0.77
8944742846,41,0.78
8944742846,42,0.78
8944742846,43,0.81
8944742846,44,0.82
8944742846,45,0.76
8944742846,46,0.73
8944742846,47,0.69
8944742846,48,0.73
8944742846,49,0.68
8944742846,50,0.8
8944742846,51,0.84
8944742846,52,0.84
8944742846,53,0.85
8944742846,54,0.84
8944742846,55,0.84
8944742846,56,0.83
8944742846,57,0.83
8944742846,58,0.83
8944742846,59,0.69
8944752572,0,0.64
8944752572,1,0.64
8944752572,2,0.58
8944752572,3,0.67
8944752572,4,0.6
8944752572,5,0.57
8944752572,6,0.55
8944752572,7,0.57
8944752572,8,0.41
8944752572,9,0.51
8944752572,10,0.42
8944752572,11,0.37
8944752572,12,0.32
8944752572,13,0.47
8944752572,14,0.26
8944752572,15,0.25
8944752572,16,0.25
8944752572,17,0.17
8944752572,18,0.18
8944752572,19,0.21
8944752572,20,0.16
8944752572,21,0.17
8944752572,22,0.19
8944752572,23,0.17
8944752572,24,0.13
8944752572,25,0.15
8944752572,26,0.13
8944752572,27,0.13
8944752572,28,0.09
8944752572,29,0.06
8944752572,30,0.07
8944752572,31,0.06
8944752572,32,0.03
8944752572,33,0.03
8944752572,34,0.04
8944752572,35,0.03
8944752572,36,0.01
8944814087,0,0.48
8944814087,1,0.45
8944814087,2,0.41
8944814087,3,0.44
8944814087,4,0.39
8944814087,5,0.45
8944814087,6,0.52
8944814087,7,0.6
8944814087,8,0.47
8944814087,9,0.62
8944814087,10,0.61
8944814087,11,0.7
8944814087,12,0.66
8944814087,13,0.56
8944814087,14,0.64
8944814087,15,0.5
8944814087,16,0.5
8944814087,17,0.57
8944814087,18,0.58
8944814087,19,0.65
8944814087,20,0.69
8944814087,21,0.76
8944814087,22,0.77
8944814087,23,0.73
8944814087,24,0.78
8944814087,25,0.78
8944814087,26,0.76
8944814087,27,0.77
8944814087,28,0.78
8944814087,29,0.82
8944814087,30,0.85
8944814087,31,0.85
8944814087,32,0.87
8944814087,33,0.86
8944814087,34,0.86
8944814087,35,0.88
8944814087,36,0.92
8944814087,37,0.93
8944814087,38,0.93
8944819470,0,0.6
8944819470,1,0.63
8944819470,2,0.62
8944819470,3,0.59
8944819470,4,0.5
8944819470,5,0.53
8944819470,6,0.62
8944819470,7,0.59
8944819470,8,0.64
8944819470,9,0.62
8944819470,10,0.61
8944819470,11,0.7
8944819470,12,0.56
8944819470,13,0.55
8944819470,14,0.47
8944819470,15,0.25
8944819470,16,0.25
8944819470,17,0.17
8944819470,18,0.12
8944819470,19,0.15
8944819470,20,0.18
8944819470,21,0.21
8944819470,22,0.25
8944819470,23,0.21
8944819470,24,0.29
8944819470,25,0.28
8944819470,26,0.29
8944819470,27,0.23
8944819470,28,0.21
8944819470,29,0.28
8944819470,30,0.25
8944819470,31,0.22
8944819470,32,0.21
8944819470,33,0.25
8944819470,34,0.36
8944819470,35,0.25
8944819470,36,0.21
8944819470,37,0.22
8944819470,38,0.21
8944819470,39,0.14
8944819470,40,0.14
8944819470,41,0.17
8944819470,42,0.16
8944819470,43,0.11
8944819470,44,0.13
8944819470,45,0.13
8944819470,46,0.22
8944819470,47,0.16
8944819470,48,0.11
8944819470,49,0.14
8944841068,0,0.44
8944841068,1,0.4
8944841068,2,0.5
8944841068,3,0.48
8944841068,4,0.56
8944841068,5,0.61
8944841068,6,0.64
8944841068,7,0.68
8944841068,8,0.6
8944841068,9,0.62
8944841068,10,0.7
8944841068,11,0.57
8944841068,12,0.52
8944841068,13,0.44
8944841068,14,0.53
8944841068,15,0.57
8944841068,16,0.69
8944841068,17,0.56
8944841068,18,0.56
8944841068,19,0.55
8944841068,20,0.64
8944841068,21,0.66
8944841068,22,0.68
8944841068,23,0.75
8944841068,24,0.71
8944841068,25,0.76
8944841068,26,0.76
8944841068,27,0.79
8944841068,28,0.78
8944841068,29,0.81
8944841068,30,0.85
8944841068,31,0.81
8944841068,32,0.89
8944841068,33,0.93
8944841068,34,0.9
8944841068,35,0.87
8944841068,36,0.83
8944841068,37,0.84
8944841068,38,0.87
8944841068,39,0.91
8944841068,40,0.93
8944841068,41,0.91
8944841068,42,0.94
8944931337,0,0.59
8944931337,1,0.62
8944931337,2,0.62
8944931337,3,0.68
8944931337,4,0.7
8944931337,5,0.78
8944931337,6,0.86
8944931337,7,0.84
8944931337,8,0.79
8944931337,9,0.84
8944931337,10,0.8
8944931337,11,0.79
8944931337,12,0.74
8944931337,13,0.79
8944931337,14,0.82
8944931337,15,0.77
8944931337,16,0.8
8944931337,17,0.88
8944931337,18,0.76
8944931337,19,0.89
8944931337,20,0.93
8944931337,21,0.95
8944931337,22,0.91
8944931337,23,0.93
8944931337,24,0.92
8944931337,25,0.96
8944931337,26,0.96
8944931337,27,0.96
8944931337,28,0.96
8944931337,29,0.97
8944931337,30,0.98
8944931337,31,0.97
8944931337,32,0.97
8944931337,33,0.94
8944931337,34,0.94
8944931337,35,0.92
8944931337,36,0.94
8944931337,37,0.94
8944931337,38,0.96
8944931337,39,0.96
8944931337,40,0.96
8946161629,0,0.43
8946161629,1,0.43
8946161629,2,0.47
8946161629,3,0.5
8946161629,4,0.42
8946161629,5,0.49
8946161629,6,0.53
8946161629,7,0.46
8946161629,8,0.58
8946161629,9,0.58
8946161629,10,0.71
8946161629,11,0.67
8946161629,12,0.75
8946161629,13,0.58
8946161629,14,0.64
8946161629,15,0.63
8946161629,16,0.47
8946161629,17,0.5
8946161629,18,0.58
8946161629,19,0.72
8946161629,20,0.72
8946161629,21,0.63
8946161629,22,0.66
8946161629,23,0.62
8946161629,24,0.76
8946161629,25,0.74
8946161629,26,0.76
8946161629,27,0.77
8946161629,28,0.77
8946161629,29,0.71
8946161629,30,0.75
8946161629,31,0.75
8946161629,32,0.81
8946161629,33,0.79
8946161629,34,0.86
8946161629,35,0.78
8946161629,36,0.64
8946161629,37,0.83
8946161629,38,0.83
8946161629,39,0.84
8946161629,40,0.82
8946161629,41,0.84
8946161629,42,0.88
8946161629,43,0.9
8946161629,44,0.89
8946161629,45,0.94
8946161629,46,0.95
8946161629,47,0.94
8946161629,48,0.95
8946161629,49,0.91
8946161629,50,0.89
8946161629,51,0.9
8946161629,52,0.93
8946161629,53,0.92
8946161629,54,0.93
8946161629,55,0.88
8946161629,56,0.86
8946161629,57,0.92
8946161629,58,0.92
8946161629,59,0.9
8946161660,0,0.51
8946161660,1,0.49
8946161660,2,0.45
8946161660,3,0.49
8946161660,4,0.44
8946161660,5,0.36
8946161660,6,0.26
8946161660,7,0.28
8946161660,8,0.32
8946161660,9,0.38
8946161660,10,0.37
8946161660,11,0.37
8946161660,12,0.42
8946161660,13,0.52
8946161660,14,0.58
8946161660,15,0.51
8946161660,16,0.49
8946161660,17,0.73
8946161660,18,0.74
8946161660,19,0.77
8946161660,20,0.75
8946161660,21,0.78
8946161660,22,0.78
8946161660,23,0.74
8946161660,24,0.76
8946161660,25,0.51
8946161660,26,0.37
8946161660,27,0.3
8946161660,28,0.27
8946161660,29,0.21
8946161660,30,0.23
8946161660,31,0.2
8946161660,32,0.17
8946161660,33,0.16
8946161660,34,0.13
8946161660,35,0.14
8946161660,36,0.17
8946161660,37,0.12
8946161660,38,0.13
8946161660,39,0.21
8946161660,40,0.12
8946161660,41,0.11
8946161660,42,0.12
8946161660,43,0.09
8946161660,44,0.09
8946161660,45,0.06
8946161660,46,0.06
8946161660,47,0.08
8946161660,48,0.09
8946161660,49,0.12
8946161660,50,0.09
8946161660,51,0.1
8946161660,52,0.11
8946161660,53,0.12
8946161660,54,0.14
8946161660,55,0.17
8946161660,56,0.17
8946161660,57,0.22
8946161660,58,0.25
8946161660,59,0.25
8946161784,0,0.45
8946161784,1,0.49
8946161784,2,0.46
8946161784,3,0.54
8946161784,4,0.59
8946161784,5,0.59
8946161784,6,0.65
8946161784,7,0.7
8946161784,8,0.67
8946161784,9,0.62
8946161784,10,0.62
8946161784,11,0.55
8946161784,12,0.68
8946161784,13,0.6
8946161784,14,0.63
8946161784,15,0.66
8946161784,16,0.58
8946161784,17,0.67
8946161784,18,0.5
8946161784,19,0.32
8946161784,20,0.33
8946161784,21,0.34
8946161784,22,0.22
8946161784,23,0.22
8946161784,24,0.2
8946161784,25,0.22
8946161784,26,0.22
8946161784,27,0.23
8946161784,28,0.32
8946161784,29,0.34
8946161784,30,0.2
8946161784,31,0.23
8946161784,32,0.17
8946161784,33,0.28
8946161784,34,0.38
8946161784,35,0.31
8946161784,36,0.36
8946161784,37,0.17
8946161784,38,0.15
8946161784,39,0.15
8946161784,40,0.15
8946161784,41,0.14
8946161784,42,0.14
8946161784,43,0.13
8946161784,44,0.13
8946161784,45,0.14
8946161784,46,0.15
8946161784,47,0.15
8946161784,48,0.16
8946161784,49,0.16
8946161784,50,0.23
8946161784,51,0.25
8946161784,52,0.25
8946161784,53,0.25
8946161784,54,0.29
8946161784,55,0.34
8946161784,56,0.27
8946161784,57,0.25
8946161784,58,0.25
8946161784,59,0.23
8946228708,0,0.49
8946228708,1,0.48
8946228708,2,0.37
8946228708,3,0.3
8946228708,4,0.34
8946228708,5,0.36
8946228708,6,0.32
8946228708,7,0.3
8946228708,8,0.28
8946228708,9,0.2
8946228708,10,0.26
8946228708,11,0.29
8946228708,12,0.2
8946228708,13,0.33
8946228708,14,0.25
8946228708,15,0.38
8946228708,16,0.32
8946228708,17,0.38
8946228708,18,0.21
8946228708,19,0.31
8946228708,20,0.23
8946228708,21,0.19
8946228708,22,0.32
8946228708,23,0.35
8946228708,24,0.46
8946228708,25,0.44
8946228708,26,0.46
8946228708,27,0.44
8946228708,28,0.52
8946228708,29,0.57
8946228708,30,0.61
8946228708,31,0.6
8946228708,32,0.54
8946228708,33,0.55
8946228708,34,0.56
8946228708,35,0.48
8946228708,36,0.34
8946228708,37,0.28
8946228708,38,0.28
8946228708,39,0.16
8946228708,40,0.18
8946228708,41,0.24
8946228708,42,0.21
8946228708,43,0.27
8946228708,44,0.22
8946228708,45,0.22
8946228708,46,0.21
8946228708,47,0.18
8946231092,0,0.45
8946231092,1,0.45
8946231092,2,0.37
8946231092,3,0.45
8946231092,4,0.43
8946231092,5,0.4
8946231092,6,0.47
8946231092,7,0.43
8946231092,8,0.48
8946231092,9,0.47
8946231092,10,0.53
8946231092,11,0.64
8946231092,12,0.54
8946231092,13,0.58
8946231092,14,0.7
8946231092,15,0.65
8946231092,16,0.84
8946231092,17,0.75
8946231092,18,0.81
8946231092,19,0.81
8946231092,20,0.88
8946231092,21,0.86
8946231092,22,0.82
8946231092,23,0.82
8946231092,24,0.81
8946231092,25,0.84
8946231092,26,0.88
8946231092,27,0.85
8946231092,28,0.86
8946231092,29,0.84
8946231092,30,0.86
8946231092,31,0.88
8946231092,32,0.91
8946231092,33,0.87
8946231092,34,0.86
8946231092,35,0.86
8946231092,36,0.87
8946231092,37,0.88
8946231092,38,0.88
8946231092,39,0.94
8946231092,40,0.93
8946231092,41,0.93
8946231092,42,0.93
8946231092,43,0.95
8946231092,44,0.97
8946231092,45,0.95
8946231092,46,0.95
8946231092,47,0.95
8946231092,48,0.95
8946231092,49,0.97
8946285985,0,0.57
8946285985,1,0.58
8946285985,2,0.61
8946285985,3,0.63
8946285985,4,0.62
8946285985,5,0.69
8946285985,6,0.64
8946285985,7,0.57
8946285985,8,0.58
8946285985,9,0.54
8946285985,10,0.57
8946285985,11,0.59
8946285985,12,0.59
8946285985,13,0.58
8946285985,14,0.59
8946285985,15,0.65
8946285985,16,0.68
8946285985,17,0.7
8946285985,18,0.67
8946285985,19,0.7
8946285985,20,0.75
8946285985,21,0.79
8946285985,22,0.84
8946285985,23,0.73
8946285985,24,0.76
8946285985,25,0.88
8946285985,26,0.85
8946285985,27,0.88
8946285985,28,0.82
8946285985,29,0.88
8946285985,30,0.9
8946285985,31,0.94
8946285985,32,0.94
8946285985,33,0.98
8946285985,34,0.97
8946285985,35,0.98
8946285985,36,0.98
8946285985,37,0.99
8946285985,38,0.98
8946285985,39,0.97
8946285985,40,0.98
8946285985,41,0.98
8946288549,0,0.52
8946288549,1,0.53
8946288549,2,0.46
8946288549,3,0.44
8946288549,4,0.49
8946288549,5,0.39
8946288549,6,0.38
8946288549,7,0.38
8946288549,8,0.47
8946288549,9,0.51
8946288549,10,0.51
8946288549,11,0.53
8946288549,12,0.59
8946288549,13,0.55
8946288549,14,0.57
8946288549,15,0.59
8946288549,16,0.57
8946288549,17,0.66
8946288549,18,0.73
8946288549,19,0.64
8946288549,20,0.74
8946288549,21,0.75
8946288549,22,0.68
8946288549,23,0.52
8946288549,24,0.51
8946288549,25,0.7
8946288549,26,0.58
8946288549,27,0.58
8946288549,28,0.63
8946288549,29,0.58
8946288549,30,0.48
8946288549,31,0.34
8946288549,32,0.44
8946288549,33,0.62
8946288549,34,0.61
8946288549,35,0.66
8946288549,36,0.77
8946288549,37,0.73
8946288549,38,0.8
8946288549,39,0.87
8946288549,40,0.89
8946288549,41,0.88
8946288549,42,0.92
8946288549,43,0.91
8946288549,44,0.91
8946288549,45,0.93
8946288549,46,0.92
8946288549,47,0.96
8946303764,0,0.58
8946303764,1,0.6
8946303764,2,0.54
8946303764,3,0.58
8946303764,4,0.45
8946303764,5,0.48
8946303764,6,0.46
8946303764,7,0.48
8946303764,8,0.4
8946303764,9,0.4
8946303764,10,0.44
8946303764,11,0.41
8946303764,12,0.37
8946303764,13,0.51
8946303764,14,0.46
8946303764,15,0.3
8946303764,16,0.31
8946303764,17,0.24
8946303764,18,0.27
8946303764,19,0.48
8946303764,20,0.34
8946303764,21,0.32
8946303764,22,0.35
8946303764,23,0.31
8946303764,24,0.24
8946303764,25,0.25
8946303764,26,0.27
8946303764,27,0.22
8946303764,28,0.22
8946303764,29,0.25
8946303764,30,0.23
8946303764,31,0.22
8946303764,32,0.26
8946303764,33,0.17
8946303764,34,0.17
8946303764,35,0.24
8946303764,36,0.23
8946303764,37,0.17
8946303764,38,0.2
8946303764,39,0.24
8946303764,40,0.21
8946303764,41,0.19
8946303764,42,0.16
8946303764,43,0.14
8946303764,44,0.18
8946303764,45,0.31
8946303764,46,0.32
8946303764,47,0.3
8946303764,48,0.28
8946303764,49,0.26
8946303764,50,0.22
8946303764,51,0.19
8946303764,52,0.14
8946303764,53,0.15
8946303764,54,0.16
8946303764,55,0.15
8946337070,0,0.31
8946337070,1,0.31
8946337070,2,0.28
8946337070,3,0.42
8946337070,4,0.42
8946337070,5,0.51
8946337070,6,0.5
8946337070,7,0.45
8946337070,8,0.43
8946337070,9,0.5
8946337070,10,0.48
8946337070,11,0.52
8946337070,12,0.47
8946337070,13,0.44
8946337070,14,0.51
8946337070,15,0.63
8946337070,16,0.8
8946337070,17,0.82
8946337070,18,0.68
8946337070,19,0.79
8946337070,20,0.72
8946337070,21,0.88
8946337070,22,0.82
8946337070,23,0.79
8946337070,24,0.71
8946337070,25,0.55
8946337070,26,0.6
8946337070,27,0.68
8946337070,28,0.76
8946337070,29,0.64
8946337070,30,0.66
8946337070,31,0.68
8946337070,32,0.72
8946337070,33,0.86
8946337070,34,0.86
8946337070,35,0.86
8946337070,36,0.78
8946337070,37,0.77
8946337070,38,0.81
8946337070,39,0.61
8946337070,40,0.54
8946337070,41,0.6
8946337070,42,0.6
8946337070,43,0.6
8946337070,44,0.6
8946337070,45,0.41
8946337070,46,0.14
8946351114,0,0.53
8946351114,1,0.55
8946351114,2,0.6
8946351114,3,0.69
8946351114,4,0.62
8946351114,5,0.64
8946351114,6,0.58
8946351114,7,0.57
8946351114,8,0.51
8946351114,9,0.42
8946351114,10,0.42
8946351114,11,0.3
8946351114,12,0.39
8946351114,13,0.33
8946351114,14,0.29
8946351114,15,0.18
8946351114,16,0.15
8946351114,17,0.19
8946351114,18,0.14
8946351114,19,0.13
8946351114,20,0.13
8946351114,21,0.11
8946351114,22,0.12
8946351114,23,0.09
8946351114,24,0.08
8946351114,25,0.06
8946351114,26,0.05
8946351114,27,0.04
8946351114,28,0.04
8946351114,29,0.03
8946351114,30,0.03
8946351114,31,0.02
8946351114,32,0.02
8946351114,33,0.02
8946351114,34,0.01
8946351114,35,0.01
8946351114,36,0.01
8946351114,37,0.01
8946386614,0,0.64
8946386614,1,0.69
8946386614,2,0.75
8946386614,3,0.79
8946386614,4,0.67
8946386614,5,0.66
8946386614,6,0.65
8946386614,7,0.74
8946386614,8,0.66
8946386614,9,0.66
8946386614,10,0.73
8946386614,11,0.68
8946386614,12,0.66
8946386614,13,0.6
8946386614,14,0.61
8946386614,15,0.63
8946386614,16,0.76
8946386614,17,0.56
8946386614,18,0.54
8946386614,19,0.54
8946386614,20,0.51
8946386614,21,0.48
8946386614,22,0.45
8946386614,23,0.48
8946386614,24,0.48
8946386614,25,0.47
8946386614,26,0.45
8946386614,27,0.57
8946386614,28,0.67
8946386614,29,0.86
8946386614,30,0.85
8946386614,31,0.89
8946386614,32,0.89
8946386614,33,0.93
8946386614,34,0.9
8946386614,35,0.93
8946386614,36,0.94
8946386614,37,0.95
8946386614,38,0.97
8946386614,39,0.97
8946414154,0,0.46
8946414154,1,0.47
8946414154,2,0.32
8946414154,3,0.37
8946414154,4,0.35
8946414154,5,0.35
8946414154,6,0.38
8946414154,7,0.34
8946414154,8,0.35
8946414154,9,0.36
8946414154,10,0.38
8946414154,11,0.47
8946414154,12,0.41
8946414154,13,0.44
8946414154,14,0.65
8946414154,15,0.54
8946414154,16,0.54
8946414154,17,0.56
8946414154,18,0.63
8946414154,19,0.65
8946414154,20,0.67
8946414154,21,0.59
8946414154,22,0.57
8946414154,23,0.65
8946414154,24,0.63
8946414154,25,0.62
8946414154,26,0.75
8946414154,27,0.78
8946414154,28,0.84
8946414154,29,0.85
8946414154,30,0.84
8946414154,31,0.82
8946414154,32,0.85
8946414154,33,0.84
8946414154,34,0.85
8946414154,35,0.88
8946414154,36,0.89
8946414154,37,0.92
8946414154,38,0.95
8946414154,39,0.96
8946416702,0,0.52
8946416702,1,0.5
8946416702,2,0.65
8946416702,3,0.63
8946416702,4,0.66
8946416702,5,0.69
8946416702,6,0.79
8946416702,7,0.69
8946416702,8,0.64
8946416702,9,0.75
8946416702,10,0.72
8946416702,11,0.8
8946416702,12,0.79
8946416702,13,0.78
8946416702,14,0.84
8946416702,15,0.86
8946416702,16,0.77
8946416702,17,0.82
8946416702,18,0.8
8946416702,19,0.9
8946416702,20,0.93
8946416702,21,0.94
8946416702,22,0.95
8946416702,23,0.94
8946416702,24,0.95
8946416702,25,0.97
8946416702,26,0.97
8946416702,27,0.97
8946416702,28,0.97
8946416702,29,0.98
8946416702,30,0.98
8946416702,31,0.99
8946416702,32,0.99
8946416702,33,0.99
8946552436,0,0.65
8946552436,1,0.73
8946552436,2,0.7
8946552436,3,0.76
8946552436,4,0.76
8946552436,5,0.84
8946552436,6,0.84
8946552436,7,0.82
8946552436,8,0.78
8946552436,9,0.83
8946552436,10,0.8
8946552436,11,0.84
8946552436,12,0.82
8946552436,13,0.78
8946552436,14,0.81
8946552436,15,0.84
8946552436,16,0.76
8946552436,17,0.82
8946552436,18,0.92
8946552436,19,0.9
8946552436,20,0.9
8946552436,21,0.9
8946552436,22,0.9
8946552436,23,0.92
8946552436,24,0.89
8946552436,25,0.89
8946552436,26,0.91
8946552436,27,0.94
8946552436,28,0.94
8946552436,29,0.97
8946552436,30,0.98
8946552436,31,0.98
8946552436,32,0.98
8946552436,33,0.99
8946552436,34,0.99
8946563158,0,0.47
8946563158,1,0.46
8946563158,2,0.61
8946563158,3,0.57
8946563158,4,0.68
8946563158,5,0.73
8946563158,6,0.8
8946563158,7,0.8
8946563158,8,0.84
8946563158,9,0.84
8946563158,10,0.77
8946563158,11,0.8
8946563158,12,0.8
8946563158,13,0.8
8946563158,14,0.85
8946563158,15,0.9
8946563158,16,0.92
8946563158,17,0.87
8946563158,18,0.87
8946563158,19,0.88
8946563158,20,0.92
8946563158,21,0.9
8946563158,22,0.87
8946563158,23,0.92
8946563158,24,0.95
8946563158,25,0.96
8946563158,26,0.96
8946563158,27,0.96
8946563158,28,0.96
8946563158,29,0.97
8946563158,30,0.96
8946563158,31,0.96
8946563158,32,0.97
8946563158,33,0.96
8946563158,34,0.97
8946572751,0,0.44
8946572751,1,0.44
8946572751,2,0.32
8946572751,3,0.31
8946572751,4,0.25
8946572751,5,0.32
8946572751,6,0.31
8946572751,7,0.3
8946572751,8,0.37
8946572751,9,0.35
8946572751,10,0.34
8946572751,11,0.36
8946572751,12,0.31
8946572751,13,0.29
8946572751,14,0.3
8946572751,15,0.35
8946572751,16,0.32
8946572751,17,0.36
8946572751,18,0.34
8946572751,19,0.36
8946572751,20,0.39
8946572751,21,0.32
8946572751,22,0.32
8946572751,23,0.27
8946572751,24,0.3
8946572751,25,0.29
8946572751,26,0.36
8946572751,27,0.39
8946572751,28,0.29
8946572751,29,0.43
8946572751,30,0.32
8946572751,31,0.29
8946572751,32,0.44
8946572751,33,0.33
8946572751,34,0.38
8946572751,35,0.23
8946572751,36,0.26
8946572751,37,0.23
8946572751,38,0.26
8946572751,39,0.58
8946572751,40,0.71
8946572751,41,0.48
8946572751,42,0.42
8946572751,43,0.36
8946572751,44,0.49
8946572751,45,0.23
8946572751,46,0.22
8946572751,47,0.2
8946572751,48,0.2
8946572751,49,0.2
8946572751,50,0.17
8946572751,51,0.16
8946572751,52,0.11
8946572751,53,0.15
8946648249,0,0.54
8946648249,1,0.52
8946648249,2,0.49
8946648249,3,0.56
8946648249,4,0.56
8946648249,5,0.51
8946648249,6,0.55
8946648249,7,0.6
8946648249,8,0.65
8946648249,9,0.58
8946648249,10,0.52
8946648249,11,0.56
8946648249,12,0.55
8946648249,13,0.6
8946648249,14,0.6
8946648249,15,0.52
8946648249,16,0.52
8946648249,17,0.48
8946648249,18,0.47
8946648249,19,0.48
8946648249,20,0.53
8946648249,21,0.52
8946648249,22,0.52
8946648249,23,0.59
8946648249,24,0.57
8946648249,25,0.56
8946648249,26,0.56
8946648249,27,0.44
8946648249,28,0.5
8946648249,29,0.4
8946648249,30,0.3
8946648249,31,0.25
8946648249,32,0.24
8946648249,33,0.26
8946648249,34,0.23
8946648249,35,0.28
8946648249,36,0.31
8946648249,37,0.31
8946648249,38,0.35
8946648249,39,0.42
8946649932,0,0.38
8946649932,1,0.38
8946649932,2,0.39
8946649932,3,0.49
8946649932,4,0.35
8946649932,5,0.44
8946649932,6,0.44
8946649932,7,0.48
8946649932,8,0.47
8946649932,9,0.39
8946649932,10,0.42
8946649932,11,0.4
8946649932,12,0.38
8946649932,13,0.32
8946649932,14,0.27
8946649932,15,0.37
8946649932,16,0.27
8946649932,17,0.2
8946649932,18,0.11
8946649932,19,0.09
8946649932,20,0.07
8946649932,21,0.06
8946649932,22,0.04
8946649932,23,0.06
8946649932,24,0.05
8946649932,25,0.07
8946649932,26,0.06
8946649932,27,0.04
8946649932,28,0.02
8946649932,29,0.02
8946649932,30,0.02
8946649932,31,0.02
8946740853,0,0.59
8946740853,1,0.62
8946740853,2,0.57
8946740853,3,0.61
8946740853,4,0.61
8946740853,5,0.67
8946740853,6,0.69
8946740853,7,0.7
8946740853,8,0.7
8946740853,9,0.7
8946740853,10,0.68
8946740853,11,0.62
8946740853,12,0.81
8946740853,13,0.8
8946740853,14,0.87
8946740853,15,0.92
8946740853,16,0.92
8946740853,17,0.93
8946740853,18,0.95
8946740853,19,0.96
8946740853,20,0.96
8946740853,21,0.97
8946740853,22,0.98
8946740853,23,0.97
8946740853,24,0.97
8946740853,25,0.97
8946740853,26,0.98
8946740853,27,0.98
8946858055,0,0.46
8946858055,1,0.47
8946858055,2,0.49
8946858055,3,0.35
8946858055,4,0.34
8946858055,5,0.37
8946858055,6,0.4
8946858055,7,0.42
8946858055,8,0.46
8946858055,9,0.46
8946858055,10,0.42
8946858055,11,0.4
8946858055,12,0.24
8946858055,13,0.17
8946858055,14,0.2
8946858055,15,0.24
8946858055,16,0.16
8946858055,17,0.12
8946858055,18,0.13
8946858055,19,0.13
8946858055,20,0.18
8946858055,21,0.13
8946858055,22,0.23
8946858055,23,0.19
8946858055,24,0.17
8946858055,25,0.17
8946858055,26,0.19
8946858055,27,0.15
8946858055,28,0.24
8946858055,29,0.26
8946858055,30,0.31
8946858055,31,0.3
8946858055,32,0.37
8946858055,33,0.34
8946858055,34,0.32
8946858055,35,0.47
8946858055,36,0.42
8946858055,37,0.42
8946858055,38,0.42
8946858055,39,0.58
8946858055,40,0.69
8946858055,41,0.75
8946858055,42,0.56
8946858055,43,0.67
8946858055,44,0.64
8946858055,45,0.55
8946858055,46,0.38
8946858055,47,0.38
8946858055,48,0.44
8946858055,49,0.51
8946858055,50,0.59
8946858055,51,0.68
8946858055,52,0.65
8946858055,53,0.76
8946858055,54,0.76
8946858055,55,0.78
8946858055,56,0.75
8946858055,57,0.75
8946858055,58,0.72
8946858055,59,0.79
8946860406,0,0.52
8946860406,1,0.47
8946860406,2,0.5
8946860406,3,0.51
8946860406,4,0.42
8946860406,5,0.41
8946860406,6,0.48
8946860406,7,0.48
8946860406,8,0.47
8946860406,9,0.46
8946860406,10,0.64
8946860406,11,0.61
8946860406,12,0.48
8946860406,13,0.53
8946860406,14,0.58
8946860406,15,0.5
8946860406,16,0.66
8946860406,17,0.64
8946860406,18,0.64
8946860406,19,0.7
8946860406,20,0.71
8946860406,21,0.72
8946860406,22,0.77
8946860406,23,0.81
8946860406,24,0.76
8946860406,25,0.77
8946860406,26,0.79
8946860406,27,0.81
8946860406,28,0.84
8946860406,29,0.74
8946860406,30,0.8
8946860406,31,0.82
8946860406,32,0.83
8946860406,33,0.87
8946860406,34,0.85
8946860406,35,0.87
8946872708,0,0.56
8946872708,1,0.5
8946872708,2,0.52
8946872708,3,0.54
8946872708,4,0.58
8946872708,5,0.6
8946872708,6,0.66
8946872708,7,0.6
8946872708,8,0.6
8946872708,9,0.62
8946872708,10,0.6
8946872708,11,0.61
8946872708,12,0.61
8946872708,13,0.64
8946872708,14,0.61
8946872708,15,0.62
8946872708,16,0.66
8946872708,17,0.58
8946872708,18,0.65
8946872708,19,0.68
8946872708,20,0.65
8946872708,21,0.72
8946872708,22,0.79
8946872708,23,0.67
8946872708,24,0.68
8946872708,25,0.77
8946872708,26,0.82
8946872708,27,0.76
8946872708,28,0.75
8946872708,29,0.74
8946872708,30,0.79
8946872708,31,0.85
8946872708,32,0.89
8946872708,33,0.92
8946872708,34,0.9
8946872708,35,0.91
8946889239,0,0.59
8946889239,1,0.6
8946889239,2,0.67
8946889239,3,0.62
8946889239,4,0.57
8946889239,5,0.57
8946889239,6,0.64
8946889239,7,0.69
8946889239,8,0.68
8946889239,9,0.61
8946889239,10,0.49
8946889239,11,0.4
8946889239,12,0.5
8946889239,13,0.42
8946889239,14,0.56
8946889239,15,0.55
8946889239,16,0.53
8946889239,17,0.55
8946889239,18,0.51
8946889239,19,0.49
8946889239,20,0.35
8946889239,21,0.34
8946889239,22,0.28
8946889239,23,0.24
8946889239,24,0.22
8946889239,25,0.24
8946889239,26,0.25
8946889239,27,0.26
8946889239,28,0.4
8946889239,29,0.37
8946889239,30,0.32
8946889239,31,0.34
8946889239,32,0.33
8946889239,33,0.32
8946889239,34,0.33
8946889239,35,0.35
8946889239,36,0.35
8946889239,37,0.34
8946889239,38,0.35
8946889239,39,0.46
8946889239,40,0.44
8946889239,41,0.39
8946889239,42,0.36
8946889239,43,0.45
8946889239,44,0.74
8946996385,0,0.6
8946996385,1,0.56
8946996385,2,0.62
8946996385,3,0.62
8946996385,4,0.59
8946996385,5,0.55
8946996385,6,0.6
8946996385,7,0.62
8946996385,8,0.63
8946996385,9,0.6
8946996385,10,0.62
8946996385,11,0.6
8946996385,12,0.68
8946996385,13,0.52
8946996385,14,0.57
8946996385,15,0.36
8946996385,16,0.45
8946996385,17,0.43
8946996385,18,0.29
8946996385,19,0.49
8946996385,20,0.36
8946996385,21,0.58
8946996385,22,0.64
8946996385,23,0.66
8946996385,24,0.4
8946996385,25,0.35
8946996385,26,0.38
8946996385,27,0.44
8946996385,28,0.47
8946996385,29,0.49
8946996385,30,0.4
8946996385,31,0.34
8946996385,32,0.39
8946996385,33,0.35
8946996385,34,0.53
8946996385,35,0.31
8946996385,36,0.22
8946996385,37,0.27
8946996385,38,0.28
8946996385,39,0.26
8946996385,40,0.29
8946996385,41,0.13
8947008125,0,0.37
8947008125,1,0.38
8947008125,2,0.42
8947008125,3,0.46
8947008125,4,0.44
8947008125,5,0.51
8947008125,6,0.73
8947008125,7,0.7
8947008125,8,0.67
8947008125,9,0.64
8947008125,10,0.7
8947008125,11,0.76
8947008125,12,0.68
8947008125,13,0.74
8947008125,14,0.66
8947008125,15,0.58
8947008125,16,0.52
8947008125,17,0.46
8947008125,18,0.4
8947008125,19,0.44
8947008125,20,0.36
8947008125,21,0.33
8947008125,22,0.34
8947008125,23,0.37
8947008125,24,0.22
8947008125,25,0.13
8947008125,26,0.22
8947008125,27,0.23
8947008125,28,0.16
8947008125,29,0.14
8947008125,30,0.11
8947008125,31,0.14
8947008125,32,0.16
8947008125,33,0.12
8947008125,34,0.1
8947008125,35,0.08
8947008125,36,0.09
8947008125,37,0.08
8947008125,38,0.09
8947008125,39,0.07
8947008125,40,0.08
8947008125,41,0.08
8947008125,42,0.13
8947008125,43,0.22
8947008125,44,0.18
8947008125,45,0.14
8947008125,46,0.16
8947008125,47,0.14
8947008125,48,0.14
8947008125,49,0.18
8947008125,50,0.17
8947008125,51,0.18
8947008125,52,0.15
8947008125,53,0.12
8947008125,54,0.07
8947983249,0,0.6
8947983249,1,0.57
8947983249,2,0.56
8947983249,3,0.53
8947983249,4,0.5
8947983249,5,0.33
8947983249,6,0.3
8947983249,7,0.28
8947983249,8,0.22
8947983249,9,0.24
8947983249,10,0.19
8947983249,11,0.15
8947983249,12,0.14
8947983249,13,0.1
8947983249,14,0.24
8947983249,15,0.15
8947983249,16,0.17
8947983249,17,0.1
8947983249,18,0.1
8947983249,19,0.12
8947983249,20,0.09
8947983249,21,0.08
8947983249,22,0.13
8947983249,23,0.14
8947983249,24,0.17
8947983249,25,0.12
8947983249,26,0.12
8947983249,27,0.15
8947983249,28,0.12
8947983249,29,0.1
8947983249,30,0.1
8947983249,31,0.12
8947983249,32,0.08
8947983249,33,0.08
8947983249,34,0.07
8947983249,35,0.1
8947983249,36,0.06
8947983249,37,0.03
8947983249,38,0.02
8947983249,39,0.04
8947983249,40,0.03
8948026518,0,0.58
8948026518,1,0.59
8948026518,2,0.67
8948026518,3,0.6
8948026518,4,0.6
8948026518,5,0.66
8948026518,6,0.7
8948026518,7,0.63
8948026518,8,0.67
8948026518,9,0.6
8948026518,10,0.58
8948026518,11,0.65
8948026518,12,0.6
8948026518,13,0.53
8948026518,14,0.67
8948026518,15,0.64
8948026518,16,0.71
8948026518,17,0.71
8948026518,18,0.72
8948026518,19,0.72
8948026518,20,0.84
8948026518,21,0.65
8948026518,22,0.55
8948026518,23,0.49
8948026518,24,0.56
8948026518,25,0.47
8948026518,26,0.41
8948026518,27,0.49
8948026518,28,0.6
8948026518,29,0.58
8948026518,30,0.58
8948026518,31,0.69
8948026518,32,0.48
8948026518,33,0.49
8948026518,34,0.41
8948026518,35,0.63
8948026518,36,0.61
8948026518,37,0.58
8948026518,38,0.56
8948026518,39,0.72
8948026518,40,0.45
8948026518,41,0.63
8948026518,42,0.65
8948026518,43,0.69
8948026518,44,0.69
8948026518,45,0.71
8948026518,46,0.71
8948026518,47,0.79
8948026518,48,0.74
8948026518,49,0.7
8948026518,50,0.77
8948026518,51,0.78
8948026518,52,0.84
8948026518,53,0.88
8948026518,54,0.9
8948026518,55,0.86
8948026518,56,0.85
8948026518,57,0.91
8948026518,58,0.91
8948040486,0,0.65
8948040486,1,0.67
8948040486,2,0.69
8948040486,3,0.76
8948040486,4,0.64
8948040486,5,0.57
8948040486,6,0.69
8948040486,7,0.75
8948040486,8,0.71
8948040486,9,0.7
8948040486,10,0.8
8948040486,11,0.8
8948040486,12,0.82
8948040486,13,0.88
8948040486,14,0.91
8948040486,15,0.88
8948040486,16,0.84
8948040486,17,0.91
8948040486,18,0.92
8948040486,19,0.93
8948040486,20,0.93
8948040486,21,0.95
8948040486,22,0.95
8948040486,23,0.97
8948040486,24,0.96
8948040486,25,0.97
8948040486,26,0.97
8948040486,27,0.97
8948040486,28,0.97
8948040486,29,0.96
8948040486,30,0.96
8948040486,31,0.97
8948040486,32,0.97
8948040486,33,0.98
8948040486,34,0.99
8948040486,35,0.99
8948040486,36,0.99
8948040486,37,0.99
8948040486,38,0.99
8948040486,39,0.99
8948040486,40,0.99
8948040486,41,0.99
8948040486,42,0.98
8948094346,0,0.63
8948094346,1,0.68
8948094346,2,0.68
8948094346,3,0.64
8948094346,4,0.56
8948094346,5,0.57
8948094346,6,0.54
8948094346,7,0.65
8948094346,8,0.6
8948094346,9,0.64
8948094346,10,0.6
8948094346,11,0.65
8948094346,12,0.66
8948094346,13,0.63
8948094346,14,0.66
8948094346,15,0.64
8948094346,16,0.69
8948094346,17,0.52
8948094346,18,0.61
8948094346,19,0.72
8948094346,20,0.63
8948094346,21,0.56
8948094346,22,0.84
8948094346,23,0.88
8948094346,24,0.89
8948094346,25,0.92
8948094346,26,0.89
8948094346,27,0.91
8948094346,28,0.92
8948094346,29,0.9
8948094765,0,0.4
8948094765,1,0.4
8948094765,2,0.36
8948094765,3,0.34
8948094765,4,0.35
8948094765,5,0.4
8948094765,6,0.53
8948094765,7,0.55
8948094765,8,0.44
8948094765,9,0.43
8948094765,10,0.47
8948094765,11,0.4
8948094765,12,0.38
8948094765,13,0.35
8948094765,14,0.42
8948094765,15,0.39
8948094765,16,0.47
8948094765,17,0.68
8948094765,18,0.64
8948094765,19,0.66
8948094765,20,0.5
8948094765,21,0.58
8948094765,22,0.6
8948094765,23,0.64
8948094765,24,0.54
8948094765,25,0.62
8948094765,26,0.51
8948094765,27,0.4
8948094765,28,0.37
8948094765,29,0.34
8948094765,30,0.35
8948094765,31,0.38
8948094765,32,0.25
8948094765,33,0.24
8948094765,34,0.23
8948094765,35,0.26
8948094765,36,0.15
8948094765,37,0.12
8948151326,0,0.39
8948151326,1,0.39
8948151326,2,0.38
8948151326,3,0.36
8948151326,4,0.37
8948151326,5,0.39
8948151326,6,0.38
8948151326,7,0.38
8948151326,8,0.38
8948151326,9,0.38
8948151326,10,0.39
8948151326,11,0.44
8948151326,12,0.44
8948151326,13,0.65
8948151326,14,0.79
8948151326,15,0.68
8948151326,16,0.72
8948151326,17,0.73
8948151326,18,0.77
8948151326,19,0.79
8948151326,20,0.82
8948151326,21,0.76
8948151326,22,0.81
8948151326,23,0.81
8948151326,24,0.85
8948151326,25,0.82
8948151326,26,0.76
8948151326,27,0.78
8948151326,28,0.76
8948151326,29,0.86
8948151326,30,0.91
8948151326,31,0.88
8948151326,32,0.87
8948151326,33,0.88
8948151326,34,0.81
8948151326,35,0.76
8948151326,36,0.76
8948151326,37,0.77
8948151326,38,0.87
8948151326,39,0.9
8948151326,40,0.88
8948151326,41,0.9
8948151326,42,0.92
8948151326,43,0.93
8948151326,44,0.97
8948151326,45,0.96
8948151326,46,0.97
8948151326,47,0.97
8948151326,48,0.97
8948151326,49,0.99
8948235815,0,0.41
8948235815,1,0.4
8948235815,2,0.41
8948235815,3,0.4
8948235815,4,0.39
8948235815,5,0.44
8948235815,6,0.51
8948235815,7,0.41
8948235815,8,0.4
8948235815,9,0.38
8948235815,10,0.36
8948235815,11,0.38
8948235815,12,0.33
8948235815,13,0.35
8948235815,14,0.38
8948235815,15,0.42
8948235815,16,0.39
8948235815,17,0.41
8948235815,18,0.27
8948235815,19,0.26
8948235815,20,0.38
8948235815,21,0.38
8948235815,22,0.44
8948235815,23,0.44
8948235815,24,0.28
8948235815,25,0.33
8948235815,26,0.38
8948235815,27,0.34
8948235815,28,0.3
8948235815,29,0.4
8948235815,30,0.31
8948235815,31,0.16
8948235815,32,0.16
8948235815,33,0.19
8948235815,34,0.18
8948235815,35,0.14
8948235815,36,0.15
8948235815,37,0.16
8948235815,38,0.14
8948235815,39,0.15
8948420293,0,0.46
8948420293,1,0.45
8948420293,2,0.42
8948420293,3,0.47
8948420293,4,0.37
8948420293,5,0.39
8948420293,6,0.34
8948420293,7,0.41
8948420293,8,0.44
8948420293,9,0.45
8948420293,10,0.45
8948420293,11,0.41
8948420293,12,0.39
8948420293,13,0.53
8948420293,14,0.44
8948420293,15,0.58
8948420293,16,0.47
8948420293,17,0.58
8948420293,18,0.56
8948420293,19,0.63
8948420293,20,0.66
8948420293,21,0.67
8948420293,22,0.63
8948420293,23,0.58
8948420293,24,0.54
8948420293,25,0.61
8948420293,26,0.72
8948420293,27,0.74
8948420293,28,0.68
8948420293,29,0.64
8948420293,30,0.72
8948420293,31,0.66
8948420293,32,0.6
8948420293,33,0.62
8948420293,34,0.59
8948420293,35,0.68
8948420293,36,0.8
8948420293,37,0.82
8948420293,38,0.9
8948533452,0,0.48
8948533452,1,0.49
8948533452,2,0.62
8948533452,3,0.58
8948533452,4,0.59
8948533452,5,0.62
8948533452,6,0.49
8948533452,7,0.45
8948533452,8,0.42
8948533452,9,0.46
8948533452,10,0.39
8948533452,11,0.43
8948533452,12,0.42
8948533452,13,0.4
8948533452,14,0.43
8948533452,15,0.44
8948533452,16,0.48
8948533452,17,0.45
8948533452,18,0.5
8948533452,19,0.57
8948533452,20,0.61
8948533452,21,0.46
8948533452,22,0.53
8948533452,23,0.6
8948533452,24,0.73
8948533452,25,0.72
8948533452,26,0.79
8948533452,27,0.8
8948533452,28,0.78
8948533452,29,0.81
8948533452,30,0.79
8948533452,31,0.7
8948533452,32,0.41
8948533452,33,0.37
8948533452,34,0.3
8948533452,35,0.23
8948533452,36,0.24
8948533452,37,0.29
8948533452,38,0.27
8948533452,39,0.22
8948533452,40,0.22
8948533452,41,0.2
8948533452,42,0.22
8948533452,43,0.23
8948533452,44,0.28
8948533452,45,0.28
8948533452,46,0.3
8948533452,47,0.29
8948533452,48,0.3
8948533452,49,0.28
8948533452,50,0.26
8948533452,51,0.27
8948533452,52,0.23
8948533452,53,0.25
8948533452,54,0.26
8948533452,55,0.29
8948533452,56,0.3
8948533452,57,0.31
8948533452,58,0.27
8948533452,59,0.28
8955247801,0,0.48
8955247801,1,0.5
8955247801,2,0.52
8955247801,3,0.53
8955247801,4,0.48
8955247801,5,0.47
8955247801,6,0.42
8955247801,7,0.47
8955247801,8,0.46
8955247801,9,0.39
8955247801,10,0.38
8955247801,11,0.45
8955247801,12,0.3
8955247801,13,0.22
8955247801,14,0.31
8955247801,15,0.34
8955247801,16,0.26
8955247801,17,0.24
8955247801,18,0.16
8955247801,19,0.22
8955247801,20,0.18
8955247801,21,0.22
8955247801,22,0.14
8955247801,23,0.14
8955247801,24,0.14
8955247801,25,0.15
8955247801,26,0.11
8955247801,27,0.08
8955247801,28,0.07
8955247801,29,0.07
8955247801,30,0.08
8955247801,31,0.07
8955247801,32,0.09
8955247801,33,0.08
8955247801,34,0.07
8955247801,35,0.08
8955247801,36,0.04
8955247801,37,0.07
8955247801,38,0.07
8955247801,39,0.06
8955247801,40,0.06
8955247801,41,0.05
8955247801,42,0.04
8955247801,43,0.05
8955247801,44,0.02
8955456108,0,0.56
8955456108,1,0.67
8955456108,2,0.64
8955456108,3,0.67
8955456108,4,0.56
8955456108,5,0.65
8955456108,6,0.58
8955456108,7,0.57
8955456108,8,0.52
8955456108,9,0.58
8955456108,10,0.56
8955456108,11,0.53
8955456108,12,0.49
8955456108,13,0.52
8955456108,14,0.47
8955456108,15,0.45
8955456108,16,0.58
8955456108,17,0.55
8955456108,18,0.6
8955456108,19,0.55
8955456108,20,0.26
8955456108,21,0.23
8955456108,22,0.13
8955456108,23,0.13
8955456108,24,0.14
8955456108,25,0.09
8955456108,26,0.09
8955456108,27,0.06
8955456108,28,0.05
8955456108,29,0.06
8955456108,30,0.03
8955653541,0,0.55
8955653541,1,0.54
8955653541,2,0.55
8955653541,3,0.55
8955653541,4,0.54
8955653541,5,0.58
8955653541,6,0.5
8955653541,7,0.56
8955653541,8,0.61
8955653541,9,0.34
8955653541,10,0.39
8955653541,11,0.37
8955653541,12,0.34
8955653541,13,0.37
8955653541,14,0.38
8955653541,15,0.32
8955653541,16,0.23
8955653541,17,0.2
8955653541,18,0.15
8955653541,19,0.19
8955653541,20,0.11
8955653541,21,0.06
8955653541,22,0.06
8955653541,23,0.02
8955653541,24,0.02
8955653541,25,0.03
8955653541,26,0.08
8955653541,27,0.07
8955653541,28,0.05
8955653541,29,0.04
8955653541,30,0.03
8955653541,31,0.04
8955653541,32,0.04
8955653541,33,0.04
8955653541,34,0.03
8955653541,35,0.02
8955653541,36,0.02
8955653541,37,0.02
8955653541,38,0.01
8955796155,0,0.37
8955796155,1,0.44
8955796155,2,0.39
8955796155,3,0.41
8955796155,4,0.41
8955796155,5,0.4
8955796155,6,0.45
8955796155,7,0.63
8955796155,8,0.56
8955796155,9,0.64
8955796155,10,0.46
8955796155,11,0.54
8955796155,12,0.53
8955796155,13,0.7
8955796155,14,0.68
8955796155,15,0.82
8955796155,16,0.86
8955796155,17,0.78
8955796155,18,0.68
8955796155,19,0.78
8955796155,20,0.72
8955796155,21,0.71
8955796155,22,0.68
8955796155,23,0.74
8955796155,24,0.72
8955796155,25,0.75
8955796155,26,0.87
8955796155,27,0.91
8955796155,28,0.91
8955796155,29,0.94
8955796155,30,0.95
8955796155,31,0.96
8955796155,32,0.96
8955796155,33,0.95
8955796155,34,0.97
8955796155,35,0.96
8955796155,36,0.98
8955796155,37,0.98
8955796155,38,0.97
8955796155,39,0.98
8955796155,40,0.98
8955796155,41,0.99
8955934230,0,0.45
8955934230,1,0.41
8955934230,2,0.46
8955934230,3,0.51
8955934230,4,0.52
8955934230,5,0.5
8955934230,6,0.67
8955934230,7,0.64
8955934230,8,0.68
8955934230,9,0.67
8955934230,10,0.64
8955934230,11,0.74
8955934230,12,0.69
8955934230,13,0.78
8955934230,14,0.69
8955934230,15,0.74
8955934230,16,0.84
8955934230,17,0.74
8955934230,18,0.72
8955934230,19,0.82
8955934230,20,0.78
8955934230,21,0.77
8955934230,22,0.81
8955934230,23,0.91
8955934230,24,0.88
8955934230,25,0.9
8955934230,26,0.9
8955934230,27,0.91
8955934230,28,0.85
8955934230,29,0.82
8955934230,30,0.85
8955934230,31,0.84
8955934230,32,0.84
8955934230,33,0.87
8955934230,34,0.86
8955934230,35,0.89
8955934230,36,0.93
8955934230,37,0.92
8955934230,38,0.93
8955934230,39,0.96
8955934230,40,0.98
8956096810,0,0.42
8956096810,1,0.38
8956096810,2,0.37
8956096810,3,0.33
8956096810,4,0.37
8956096810,5,0.38
8956096810,6,0.32
8956096810,7,0.34
8956096810,8,0.34
8956096810,9,0.4
8956096810,10,0.48
8956096810,11,0.46
8956096810,12,0.43
8956096810,13,0.51
8956096810,14,0.49
8956096810,15,0.48
8956096810,16,0.4
8956096810,17,0.4
8956096810,18,0.44
8956096810,19,0.31
8956096810,20,0.25
8956096810,21,0.32
8956096810,22,0.22
8956096810,23,0.22
8956096810,24,0.18
8956096810,25,0.22
8956096810,26,0.19
8956096810,27,0.28
8956096810,28,0.28
8956096810,29,0.28
8956096810,30,0.29
8956096810,31,0.27
8956096810,32,0.22
8956096810,33,0.32
8956096810,34,0.28
8956096810,35,0.26
8956096810,36,0.3
8956096810,37,0.3
8956096810,38,0.41
8956096810,39,0.41
8956096810,40,0.44
8956096810,41,0.44
8956096810,42,0.28
8956096810,43,0.19
8956096810,44,0.16
8956096810,45,0.16
8956096810,46,0.23
8956096810,47,0.27
8956096810,48,0.36
8956096810,49,0.38
8956096810,50,0.39
8956096810,51,0.35
8956096810,52,0.36
8956096810,53,0.31
8956096810,54,0.31
8956096810,55,0.22
8956096810,56,0.2
8956096810,57,0.22
8956096810,58,0.23
8956096810,59,0.24
8956821666,0,0.39
8956821666,1,0.37
8956821666,2,0.33
8956821666,3,0.3
8956821666,4,0.31
8956821666,5,0.31
8956821666,6,0.3
8956821666,7,0.3
8956821666,8,0.34
8956821666,9,0.38
8956821666,10,0.26
8956821666,11,0.24
8956821666,12,0.24
8956821666,13,0.25
8956821666,14,0.26
8956821666,15,0.18
8956821666,16,0.22
8956821666,17,0.18
8956821666,18,0.26
8956821666,19,0.37
8956821666,20,0.41
8956821666,21,0.38
8956821666,22,0.37
8956821666,23,0.33
8956821666,24,0.3
8956821666,25,0.22
8956821666,26,0.34
8956821666,27,0.35
8956821666,28,0.51
8956821666,29,0.53
8956821666,30,0.57
8956821666,31,0.64
8956821666,32,0.62
8956821666,33,0.66
8956821666,34,0.66
8956821666,35,0.77
8956821666,36,0.82
8956821666,37,0.83
8956821666,38,0.83
8956821666,39,0.82
8956821666,40,0.79
8956821666,41,0.79
8956821666,42,0.82
8956821666,43,0.79
8956821666,44,0.83
8956821666,45,0.85
8956821666,46,0.85
8956821666,47,0.92
8956943534,0,0.5
8956943534,1,0.47
8956943534,2,0.42
8956943534,3,0.38
8956943534,4,0.38
8956943534,5,0.36
8956943534,6,0.37
8956943534,7,0.2
8956943534,8,0.27
8956943534,9,0.24
8956943534,10,0.21
8956943534,11,0.23
8956943534,12,0.15
8956943534,13,0.18
8956943534,14,0.19
8956943534,15,0.15
8956943534,16,0.13
8956943534,17,0.17
8956943534,18,0.24
8956943534,19,0.23
8956943534,20,0.26
8956943534,21,0.24
8956943534,22,0.22
8956943534,23,0.4
8956943534,24,0.15
8956943534,25,0.16
8956943534,26,0.15
8956943534,27,0.21
8956943534,28,0.17
8956943534,29,0.06
8956943534,30,0.05
8956943534,31,0.04
8956943534,32,0.03
8956943534,33,0.02
8956943534,34,0.02
8956943534,35,0.02
8956943534,36,0.02
8956943534,37,0.02
8956943534,38,0.02
8956943534,39,0.01
8956943534,40,0.01
8956943534,41,0.01
8956943534,42,0.01
8956943534,43,0.01
8956943534,44,0.01
8956943534,45,0.01
8956943534,46,0.01
8956943534,47,0.01
8956943534,48,0.01
8956943534,49,0.01
8956943534,50,0.01
8956943534,51,0.01
8956943534,52,0.01
8956943534,53,0.01
8956943534,54,0.01
8956943534,55,0.01
8957013760,0,0.55
8957013760,1,0.57
8957013760,2,0.53
8957013760,3,0.56
8957013760,4,0.52
8957013760,5,0.58
8957013760,6,0.65
8957013760,7,0.56
8957013760,8,0.56
8957013760,9,0.58
8957013760,10,0.58
8957013760,11,0.61
8957013760,12,0.6
8957013760,13,0.52
8957013760,14,0.52
8957013760,15,0.55
8957013760,16,0.59
8957013760,17,0.47
8957013760,18,0.42
8957013760,19,0.28
8957013760,20,0.36
8957013760,21,0.4
8957013760,22,0.32
8957013760,23,0.5
8957013760,24,0.55
8957013760,25,0.21
8957013760,26,0.16
8957013760,27,0.16
8957013760,28,0.11
8957013760,29,0.15
8957013760,30,0.12
8957013760,31,0.07
8957013760,32,0.06
8957013760,33,0.04
8957013760,34,0.02
8957086928,0,0.61
8957086928,1,0.58
8957086928,2,0.52
8957086928,3,0.5
8957086928,4,0.53
8957086928,5,0.46
8957086928,6,0.34
8957086928,7,0.36
8957086928,8,0.4
8957086928,9,0.48
8957086928,10,0.5
8957086928,11,0.65
8957086928,12,0.65
8957086928,13,0.62
8957086928,14,0.65
8957086928,15,0.68
8957086928,16,0.72
8957086928,17,0.69
8957086928,18,0.69
8957086928,19,0.66
8957086928,20,0.7
8957086928,21,0.68
8957086928,22,0.58
8957086928,23,0.57
8957086928,24,0.41
8957086928,25,0.34
8957086928,26,0.39
8957086928,27,0.34
8957086928,28,0.28
8957086928,29,0.36
8957086928,30,0.51
8957086928,31,0.38
8957086928,32,0.27
8957086928,33,0.28
8957086928,34,0.31
8957086928,35,0.29
8957086928,36,0.27
8957086928,37,0.3
8957086928,38,0.32
8957086928,39,0.22
8957086928,40,0.18
8957086928,41,0.18
8957086928,42,0.06
8957180942,0,0.58
8957180942,1,0.64
8957180942,2,0.64
8957180942,3,0.78
8957180942,4,0.71
8957180942,5,0.69
8957180942,6,0.72
8957180942,7,0.7
8957180942,8,0.74
8957180942,9,0.74
8957180942,10,0.64
8957180942,11,0.62
8957180942,12,0.59
8957180942,13,0.61
8957180942,14,0.69
8957180942,15,0.64
8957180942,16,0.6
8957180942,17,0.56
8957180942,18,0.5
8957180942,19,0.53
8957180942,20,0.56
8957180942,21,0.57
8957180942,22,0.58
8957180942,23,0.62
8957180942,24,0.75
8957180942,25,0.69
8957180942,26,0.64
8957180942,27,0.68
8957180942,28,0.62
8957180942,29,0.61
8957180942,30,0.7
8957180942,31,0.69
8957180942,32,0.7
8957180942,33,0.81
8957180942,34,0.82
8957180942,35,0.87
8957180942,36,0.87
8957180942,37,0.86
8957180942,38,0.88
8957180942,39,0.86
8957180942,40,0.79
8957180942,41,0.86
8957180942,42,0.87
8957272720,0,0.51
8957272720,1,0.49
8957272720,2,0.58
8957272720,3,0.4
8957272720,4,0.43
8957272720,5,0.25
8957272720,6,0.25
8957272720,7,0.23
8957272720,8,0.21
8957272720,9,0.18
8957272720,10,0.18
8957272720,11,0.28
8957272720,12,0.29
8957272720,13,0.24
8957272720,14,0.37
8957272720,15,0.35
8957272720,16,0.27
8957272720,17,0.29
8957272720,18,0.32
8957272720,19,0.6
8957272720,20,0.64
8957272720,21,0.64
8957272720,22,0.59
8957272720,23,0.63
8957272720,24,0.58
8957272720,25,0.62
8957272720,26,0.67
8957272720,27,0.64
8957272720,28,0.63
8957364447,0,0.63
8957364447,1,0.64
8957364447,2,0.58
8957364447,3,0.45
8957364447,4,0.5
8957364447,5,0.41
8957364447,6,0.4
8957364447,7,0.45
8957364447,8,0.29
8957364447,9,0.35
8957364447,10,0.3
8957364447,11,0.3
8957364447,12,0.29
8957364447,13,0.26
8957364447,14,0.29
8957364447,15,0.27
8957364447,16,0.2
8957364447,17,0.22
8957364447,18,0.39
8957364447,19,0.29
8957364447,20,0.21
8957364447,21,0.22
8957364447,22,0.25
8957364447,23,0.3
8957364447,24,0.4
8957364447,25,0.32
8957364447,26,0.4
8957364447,27,0.45
8957364447,28,0.59
8957364447,29,0.42
8957364447,30,0.34
8957364447,31,0.33
8957364447,32,0.3
8957364447,33,0.3
8957364447,34,0.36
8957364447,35,0.3
8957364447,36,0.3
8957364447,37,0.24
8957364447,38,0.19
8957364447,39,0.19
8957364447,40,0.16
8957364447,41,0.15
8957364447,42,0.14
8957364447,43,0.15
8957364447,44,0.17
8957364447,45,0.15
8957364447,46,0.15
8957527957,0,0.38
8957527957,1,0.33
8957527957,2,0.33
8957527957,3,0.41
8957527957,4,0.35
8957527957,5,0.52
8957527957,6,0.44
8957527957,7,0.56
8957527957,8,0.5
8957527957,9,0.66
8957527957,10,0.64
8957527957,11,0.64
8957527957,12,0.6
8957527957,13,0.69
8957527957,14,0.66
8957527957,15,0.68
8957527957,16,0.67
8957527957,17,0.77
8957527957,18,0.72
8957527957,19,0.82
8957527957,20,0.75
8957527957,21,0.78
8957527957,22,0.75
8957527957,23,0.79
8957527957,24,0.81
8957527957,25,0.8
8957527957,26,0.83
8957527957,27,0.87
8957527957,28,0.87
8957527957,29,0.88
8957527957,30,0.9
8957527957,31,0.9
8957527957,32,0.89
8957527957,33,0.92
8957527957,34,0.89
8957527957,35,0.87
8957527957,36,0.82
8957527957,37,0.8
8957527957,38,0.83
8957527957,39,0.78
8957527957,40,0.73
8957527957,41,0.69
8957527957,42,0.72
8957527957,43,0.74
8957527957,44,0.63
8957527957,45,0.53
8957527957,46,0.59
8957527957,47,0.58
8957527957,48,0.62
8957527957,49,0.52
8957527957,50,0.42
8957527957,51,0.42
8957527957,52,0.42
8957527957,53,0.29
8957527957,54,0.29
8957527957,55,0.25
8957527957,56,0.28
8957527957,57,0.25
8957527957,58,0.24
8957527957,59,0.17
8957890399,0,0.59
8957890399,1,0.63
8957890399,2,0.62
8957890399,3,0.52
8957890399,4,0.57
8957890399,5,0.48
8957890399,6,0.39
8957890399,7,0.35
8957890399,8,0.27
8957890399,9,0.37
8957890399,10,0.48
8957890399,11,0.43
8957890399,12,0.55
8957890399,13,0.42
8957890399,14,0.36
8957890399,15,0.31
8957890399,16,0.25
8957890399,17,0.23
8957890399,18,0.22
8957890399,19,0.28
8957890399,20,0.24
8957890399,21,0.18
8957890399,22,0.18
8957890399,23,0.2
8957890399,24,0.22
8957890399,25,0.23
8957890399,26,0.25
8957890399,27,0.26
8957890399,28,0.27
8957890399,29,0.28
8957890399,30,0.49
8957890399,31,0.36
8957890399,32,0.47
8957890399,33,0.25
8957890399,34,0.25
8957890399,35,0.24
8957890399,36,0.22
8957890399,37,0.25
8957890399,38,0.27
8957890399,39,0.23
8957890399,40,0.22
8957890399,41,0.19
8957890399,42,0.2
8957890399,43,0.23
8957890399,44,0.14
8957890399,45,0.1
8957890399,46,0.13
8957890399,47,0.13
8957890399,48,0.15
8957890399,49,0.14
8957890399,50,0.1
8957890399,51,0.1
8957890399,52,0.08
8957890399,53,0.06
8957890399,54,0.07
8957890399,55,0.08
8957890399,56,0.08
8957890399,57,0.09
8957890399,58,0.07
8957890399,59,0.07
8958478716,0,0.43
8958478716,1,0.45
8958478716,2,0.48
8958478716,3,0.44
8958478716,4,0.55
8958478716,5,0.4
8958478716,6,0.48
8958478716,7,0.43
8958478716,8,0.45
8958478716,9,0.46
8958478716,10,0.37
8958478716,11,0.4
8958478716,12,0.48
8958478716,13,0.44
8958478716,14,0.63
8958478716,15,0.48
8958478716,16,0.6
8958478716,17,0.49
8958478716,18,0.56
8958478716,19,0.55
8958478716,20,0.44
8958478716,21,0.4
8958478716,22,0.64
8958478716,23,0.57
8958478716,24,0.57
8958478716,25,0.34
8958478716,26,0.3
8958478716,27,0.27
8958478716,28,0.18
8958478716,29,0.14
8958478716,30,0.12
8958478716,31,0.14
8958478716,32,0.12
8958478716,33,0.14
8958478716,34,0.12
8958478716,35,0.13
8958478716,36,0.11
8958478716,37,0.11
8958478716,38,0.14
8958478716,39,0.14
8958478716,40,0.13
8958478716,41,0.1
8958478716,42,0.1
8958478716,43,0.11
8958478716,44,0.13
8958478716,45,0.14
8958478716,46,0.16
8958478716,47,0.14
8958478716,48,0.11
8958478716,49,0.1
8958538533,0,0.39
8958538533,1,0.4
8958538533,2,0.41
8958538533,3,0.4
8958538533,4,0.44
8958538533,5,0.49
8958538533,6,0.61
8958538533,7,0.64
8958538533,8,0.6
8958538533,9,0.6
8958538533,10,0.7
8958538533,11,0.58
8958538533,12,0.69
8958538533,13,0.7
8958538533,14,0.58
8958538533,15,0.55
8958538533,16,0.71
8958538533,17,0.57
8958538533,18,0.52
8958538533,19,0.56
8958538533,20,0.51
8958538533,21,0.51
8958538533,22,0.6
8958538533,23,0.67
8958538533,24,0.64
8958538533,25,0.61
8958538533,26,0.65
8958538533,27,0.73
8958538533,28,0.76
8958538533,29,0.65
8958538533,30,0.7
8958538533,31,0.72
8958538533,32,0.7
8958538533,33,0.59
8958538533,34,0.55
8958538533,35,0.6
8958538533,36,0.54
8958538533,37,0.6
8958538533,38,0.67
8958538533,39,0.73
8958538533,40,0.68
8958538533,41,0.66
8958538533,42,0.65
8958538533,43,0.63
8958607830,0,0.54
8958607830,1,0.52
8958607830,2,0.51
8958607830,3,0.58
8958607830,4,0.62
8958607830,5,0.61
8958607830,6,0.56
8958607830,7,0.57
8958607830,8,0.55
8958607830,9,0.51
8958607830,10,0.54
8958607830,11,0.53
8958607830,12,0.54
8958607830,13,0.56
8958607830,14,0.59
8958607830,15,0.51
8958607830,16,0.63
8958607830,17,0.6
8958607830,18,0.61
8958607830,19,0.64
8958607830,20,0.57
8958607830,21,0.6
8958607830,22,0.54
8958607830,23,0.52
8958607830,24,0.58
8958607830,25,0.52
8958607830,26,0.56
8958607830,27,0.58
8958607830,28,0.61
8958607830,29,0.56
8958607830,30,0.56
8958607830,31,0.54
8958607830,32,0.59
8958607830,33,0.59
8958607830,34,0.55
8958607830,35,0.63
8958607830,36,0.68
8958607830,37,0.7
8958607830,38,0.83
8958667855,0,0.43
8958667855,1,0.38
8958667855,2,0.4
8958667855,3,0.39
8958667855,4,0.44
8958667855,5,0.44
8958667855,6,0.48
8958667855,7,0.46
8958667855,8,0.49
8958667855,9,0.54
8958667855,10,0.37
8958667855,11,0.5
8958667855,12,0.53
8958667855,13,0.68
8958667855,14,0.56
8958667855,15,0.46
8958667855,16,0.48
8958667855,17,0.44
8958667855,18,0.46
8958667855,19,0.54
8958667855,20,0.47
8958667855,21,0.48
8958667855,22,0.57
8958667855,23,0.5
8958667855,24,0.62
8958667855,25,0.63
8958667855,26,0.61
8958667855,27,0.6
8958667855,28,0.69
8958667855,29,0.72
8958667855,30,0.79
8958667855,31,0.81
8958667855,32,0.82
8958667855,33,0.77
8958667855,34,0.78
8958667855,35,0.9
8958667855,36,0.94
8958734008,0,0.55
8958734008,1,0.56
8958734008,2,0.59
8958734008,3,0.53
8958734008,4,0.63
8958734008,5,0.58
8958734008,6,0.68
8958734008,7,0.56
8958734008,8,0.67
8958734008,9,0.57
8958734008,10,0.56
8958734008,11,0.52
8958734008,12,0.52
8958734008,13,0.7
8958734008,14,0.47
8958734008,15,0.57
8958734008,16,0.57
8958734008,17,0.58
8958734008,18,0.48
8958734008,19,0.57
8958734008,20,0.73
8958734008,21,0.64
8958734008,22,0.74
8958734008,23,0.78
8958734008,24,0.83
8958734008,25,0.82
8958734008,26,0.82
8958734008,27,0.83
8958734008,28,0.74
8958734008,29,0.85
8958734008,30,0.9
8958734008,31,0.89
8958734008,32,0.89
8958734008,33,0.9
8958734008,34,0.92
8958734008,35,0.92
8958734008,36,0.93
8958734008,37,0.94
8958734008,38,0.93
8958734008,39,0.92
8958734008,40,0.94
8958734008,41,0.94
8958734008,42,0.94
8958734008,43,0.94
8958842370,0,0.56
8958842370,1,0.53
8958842370,2,0.53
8958842370,3,0.67
8958842370,4,0.59
8958842370,5,0.65
8958842370,6,0.7
8958842370,7,0.68
8958842370,8,0.65
8958842370,9,0.62
8958842370,10,0.57
8958842370,11,0.61
8958842370,12,0.66
8958842370,13,0.64
8958842370,14,0.69
8958842370,15,0.77
8958842370,16,0.79
8958842370,17,0.82
8958842370,18,0.84
8958842370,19,0.72
8958842370,20,0.79
8958842370,21,0.7
8958842370,22,0.63
8958842370,23,0.64
8958842370,24,0.63
8958842370,25,0.58
8958842370,26,0.57
8958842370,27,0.38
8958842370,28,0.38
8958842370,29,0.41
8958842370,30,0.38
8958842370,31,0.37
8958842370,32,0.29
8958842370,33,0.25
8958842370,34,0.16
8958842370,35,0.11
8958842370,36,0.12
8958842370,37,0.11
8958842370,38,0.05
8958842370,39,0.04
8958842370,40,0.04
8958842370,41,0.03
8958842370,42,0.02
8958842370,43,0.01
8958842370,44,0.01
8958842370,45,0.01
8958842370,46,0.0
8958842370,47,0.0
8958842370,48,0.0
8958842370,49,0.0
8958842370,50,0.0
8958842370,51,0.0
8958842370,52,0.0
8958950792,0,0.46
8958950792,1,0.43
8958950792,2,0.41
8958950792,3,0.44
8958950792,4,0.47
8958950792,5,0.54
8958950792,6,0.48
8958950792,7,0.39
8958950792,8,0.36
8958950792,9,0.42
8958950792,10,0.39
8958950792,11,0.39
8958950792,12,0.37
8958950792,13,0.38
8958950792,14,0.36
8958950792,15,0.4
8958950792,16,0.33
8958950792,17,0.33
8958950792,18,0.3
8958950792,19,0.3
8958950792,20,0.41
8958950792,21,0.45
8958950792,22,0.37
8958950792,23,0.48
8958950792,24,0.57
8958950792,25,0.61
8958950792,26,0.65
8958950792,27,0.68
8958950792,28,0.73
8958950792,29,0.76
8958950792,30,0.62
8958950792,31,0.61
8958950792,32,0.47
8958950792,33,0.59
8958950792,34,0.46
8958950792,35,0.68
8958950792,36,0.34
8958950792,37,0.21
8958950792,38,0.22
8958950792,39,0.16
8958950792,40,0.16
8958950792,41,0.17
8958950792,42,0.17
8958950792,43,0.16
8958950792,44,0.17
8959067169,0,0.45
8959067169,1,0.5
8959067169,2,0.52
8959067169,3,0.52
8959067169,4,0.65
8959067169,5,0.58
8959067169,6,0.62
8959067169,7,0.65
8959067169,8,0.71
8959067169,9,0.74
8959067169,10,0.68
8959067169,11,0.63
8959067169,12,0.77
8959067169,13,0.78
8959067169,14,0.76
8959067169,15,0.82
8959067169,16,0.83
8959067169,17,0.72
8959067169,18,0.65
8959067169,19,0.81
8959067169,20,0.81
8959067169,21,0.83
8959067169,22,0.75
8959067169,23,0.82
8959067169,24,0.83
8959067169,25,0.84
8959067169,26,0.85
8959067169,27,0.92
8959067169,28,0.9
8959067169,29,0.84
8959067169,30,0.84
8959067169,31,0.85
8959067169,32,0.9
8959067169,33,0.94
8959067169,34,0.93
8959067169,35,0.94
8959067169,36,0.97
8959067169,37,0.96
8959067169,38,0.95
8959067169,39,0.94
8959067169,40,0.94
8959067169,41,0.93
8959067169,42,0.94
8959067169,43,0.93
8959067169,44,0.93
8959067169,45,0.92
8959067169,46,0.93
8959067169,47,0.95
8959067169,48,0.95
8959067169,49,0.96
8959222564,0,0.43
8959222564,1,0.44
8959222564,2,0.41
8959222564,3,0.44
8959222564,4,0.43
8959222564,5,0.5
8959222564,6,0.48
8959222564,7,0.42
8959222564,8,0.42
8959222564,9,0.38
8959222564,10,0.35
8959222564,11,0.38
8959222564,12,0.46
8959222564,13,0.38
8959222564,14,0.5
8959222564,15,0.45
8959222564,16,0.34
8959222564,17,0.64
8959222564,18,0.69
8959222564,19,0.69
8959222564,20,0.63
8959222564,21,0.29
8959222564,22,0.37
8959222564,23,0.32
8959222564,24,0.3
8959222564,25,0.33
8959222564,26,0.41
8959222564,27,0.21
8959222564,28,0.25
8959222564,29,0.14
8959222564,30,0.09
8959222564,31,0.09
8959222564,32,0.09
8959222564,33,0.08
8959222564,34,0.07
8959222564,35,0.04
8960365292,0,0.47
8960365292,1,0.48
8960365292,2,0.43
8960365292,3,0.44
8960365292,4,0.42
8960365292,5,0.43
8960365292,6,0.52
8960365292,7,0.55
8960365292,8,0.49
8960365292,9,0.43
8960365292,10,0.43
8960365292,11,0.49
8960365292,12,0.55
8960365292,13,0.59
8960365292,14,0.58
8960365292,15,0.65
8960365292,16,0.57
8960365292,17,0.59
8960365292,18,0.41
8960365292,19,0.51
8960365292,20,0.33
8960365292,21,0.32
8960365292,22,0.22
8960365292,23,0.42
8960365292,24,0.28
8960365292,25,0.27
8960365292,26,0.4
8960365292,27,0.28
8960365292,28,0.28
8960365292,29,0.2
8960365292,30,0.18
8960365292,31,0.21
8960365292,32,0.2
8960365292,33,0.22
8960365292,34,0.37
8960365292,35,0.47
8960365292,36,0.44
8960365292,37,0.21
8960411225,0,0.4
8960411225,1,0.33
8960411225,2,0.26
8960411225,3,0.29
8960411225,4,0.26
8960411225,5,0.2
8960411225,6,0.24
8960411225,7,0.26
8960411225,8,0.25
8960411225,9,0.24
8960411225,10,0.33
8960411225,11,0.4
8960411225,12,0.54
8960411225,13,0.47
8960411225,14,0.41
8960411225,15,0.54
8960411225,16,0.44
8960411225,17,0.53
8960411225,18,0.48
8960411225,19,0.59
8960411225,20,0.58
8960411225,21,0.66
8960411225,22,0.65
8960411225,23,0.8
8960411225,24,0.8
8960411225,25,0.87
8960411225,26,0.88
8960411225,27,0.87
8960411225,28,0.9
8960411225,29,0.9
8960411225,30,0.92
8960411225,31,0.9
8960411225,32,0.91
8960411225,33,0.94
8960411225,34,0.95
8960577698,0,0.56
8960577698,1,0.53
8960577698,2,0.63
8960577698,3,0.66
8960577698,4,0.68
8960577698,5,0.72
8960577698,6,0.68
8960577698,7,0.73
8960577698,8,0.6
8960577698,9,0.59
8960577698,10,0.68
8960577698,11,0.68
8960577698,12,0.68
8960577698,13,0.59
8960577698,14,0.65
8960577698,15,0.76
8960577698,16,0.85
8960577698,17,0.87
8960577698,18,0.83
8960577698,19,0.72
8960577698,20,0.78
8960577698,21,0.84
8960577698,22,0.72
8960577698,23,0.81
8960577698,24,0.67
8960577698,25,0.67
8960577698,26,0.86
8960577698,27,0.81
8960577698,28,0.8
8960577698,29,0.83
8960577698,30,0.84
8960577698,31,0.87
8960577698,32,0.88
8960577698,33,0.75
8960577698,34,0.77
8960577698,35,0.83
8960577698,36,0.83
8960577698,37,0.91
8960577698,38,0.83
8960577698,39,0.87
8960577698,40,0.77
8960577698,41,0.81
8960577698,42,0.87
8960577698,43,0.85
8960577698,44,0.83
8960577698,45,0.84
8960577698,46,0.88
8960655084,0,0.62
8960655084,1,0.61
8960655084,2,0.51
8960655084,3,0.6
8960655084,4,0.45
8960655084,5,0.5
8960655084,6,0.39
8960655084,7,0.39
8960655084,8,0.35
8960655084,9,0.31
8960655084,10,0.23
8960655084,11,0.29
8960655084,12,0.29
8960655084,13,0.23
8960655084,14,0.26
8960655084,15,0.23
8960655084,16,0.15
8960655084,17,0.19
8960655084,18,0.19
8960655084,19,0.2
8960655084,20,0.16
8960655084,21,0.27
8960655084,22,0.36
8960655084,23,0.27
8960655084,24,0.28
8960655084,25,0.32
8960655084,26,0.23
8960655084,27,0.28
8960655084,28,0.26
8960655084,29,0.21
8960655084,30,0.22
8960655084,31,0.26
8960655084,32,0.25
8960655084,33,0.27
8960655084,34,0.55
8960655084,35,0.51
8960655084,36,0.45
8960655084,37,0.41
8960655084,38,0.46
8960655084,39,0.36
8960655084,40,0.42
8960655084,41,0.41
8960655084,42,0.42
8960655084,43,0.4
8960655084,44,0.49
8960655084,45,0.74
8960655084,46,0.73
8960655084,47,0.78
8960655084,48,0.78
8960655084,49,0.77
8960655084,50,0.6
8960655084,51,0.67
8960655084,52,0.66
8960655084,53,0.62
8960655084,54,0.63
8960655084,55,0.67
8960655084,56,0.66
8960655084,57,0.68
8960655084,58,0.68
8960655084,59,0.73
8960762254,0,0.57
8960762254,1,0.64
8960762254,2,0.67
8960762254,3,0.67
8960762254,4,0.64
8960762254,5,0.64
8960762254,6,0.6
8960762254,7,0.59
8960762254,8,0.51
8960762254,9,0.57
8960762254,10,0.45
8960762254,11,0.47
8960762254,12,0.35
8960762254,13,0.44
8960762254,14,0.4
8960762254,15,0.43
8960762254,16,0.44
8960762254,17,0.4
8960762254,18,0.37
8960762254,19,0.33
8960762254,20,0.32
8960762254,21,0.35
8960762254,22,0.35
8960762254,23,0.34
8960762254,24,0.31
8960762254,25,0.42
8960762254,26,0.27
8960762254,27,0.26
8960762254,28,0.31
8960762254,29,0.46
8960762254,30,0.44
8960762254,31,0.5
8960762254,32,0.38
8960762254,33,0.53
8960762254,34,0.39
8960762254,35,0.41
8960762254,36,0.57
8960762254,37,0.54
8960762254,38,0.74
8960762254,39,0.74
8960762254,40,0.7
8960762254,41,0.65
8960762254,42,0.53
8960762254,43,0.52
8960762254,44,0.55
8960762254,45,0.72
8960882635,0,0.57
8960882635,1,0.55
8960882635,2,0.62
8960882635,3,0.6
8960882635,4,0.57
8960882635,5,0.5
8960882635,6,0.56
8960882635,7,0.57
8960882635,8,0.66
8960882635,9,0.68
8960882635,10,0.75
8960882635,11,0.66
8960882635,12,0.63
8960882635,13,0.62
8960882635,14,0.6
8960882635,15,0.65
8960882635,16,0.62
8960882635,17,0.63
8960882635,18,0.62
8960882635,19,0.6
8960882635,20,0.74
8960882635,21,0.7
8960882635,22,0.8
8960882635,23,0.81
8960882635,24,0.83
8960882635,25,0.81
8960882635,26,0.87
8960882635,27,0.87
8960882635,28,0.85
8960882635,29,0.82
8960882635,30,0.82
8960882635,31,0.83
8960882635,32,0.81
8960882635,33,0.84
8960882635,34,0.86
8960882635,35,0.91
8960882635,36,0.91
8960882635,37,0.86
8960882635,38,0.78
8960882635,39,0.77
8960882635,40,0.88
8960882635,41,0.9
8960882635,42,0.93
8960882635,43,0.93
8960882635,44,0.97
8960991322,0,0.39
8960991322,1,0.42
8960991322,2,0.46
8960991322,3,0.61
8960991322,4,0.52
8960991322,5,0.56
8960991322,6,0.52
8960991322,7,0.62
8960991322,8,0.47
8960991322,9,0.47
8960991322,10,0.53
8960991322,11,0.53
8960991322,12,0.73
8960991322,13,0.76
8960991322,14,0.59
8960991322,15,0.71
8960991322,16,0.57
8960991322,17,0.46
8960991322,18,0.56
8960991322,19,0.54
8960991322,20,0.59
8960991322,21,0.59
8960991322,22,0.53
8960991322,23,0.54
8960991322,24,0.59
8960991322,25,0.46
8960991322,26,0.54
8960991322,27,0.52
8960991322,28,0.55
8960991322,29,0.25
8960991322,30,0.36
8960991322,31,0.26
8960991322,32,0.27
8960991322,33,0.23
8960991322,34,0.34
8960991322,35,0.46
8960991322,36,0.44
8960991322,37,0.49
8960991322,38,0.48
8960991322,39,0.22
8960991322,40,0.2
8960991322,41,0.17
8960991322,42,0.16
8960991322,43,0.15
8960991322,44,0.17
8960991322,45,0.15
8960991322,46,0.14
8960991322,47,0.15
8960991322,48,0.18
8960991322,49,0.17
8960991322,50,0.22
8960991322,51,0.22
8960991322,52,0.22
8960991322,53,0.25
8960991322,54,0.27
8960991322,55,0.26
8960991322,56,0.3
8960991322,57,0.31
8960991322,58,0.31
8960991322,59,0.32
